,Sa2,Year,regionName,score,bonus_collab,core_bonus_score_ratio
0,117031337,2017,Sydney - Haymarket - The Rocks,2049,183,0.089311859
0,206041122,2017,Melbourne,1236,109,0.088187702
0,503021041,2017,Perth City,1071,26,0.024276377
0,305011105,2017,Brisbane City,927,68,0.073354908
0,121041417,2017,North Sydney - Lavender Bay,665,51,0.076691729
0,401011001,2017,Adelaide,622,91,0.146302251
0,212041311,2017,Dandenong,517,14,0.027079304
0,211011254,2017,Knoxfield - Scoresby,490,4,0.008163265
0,118011343,2017,Double Bay - Bellevue Hill,425,4,0.009411765
0,122031429,2017,Freshwater - Brookvale,419,1,0.002386635
0,121011400,2017,Lane Cove - Greenwich,419,2,0.00477327
0,503011035,2017,Nedlands - Dalkeith - Crawley,405,18,0.044444444
0,121011398,2017,Chatswood (East) - Artarmon,403,3,0.007444169
0,206051133,2017,St Kilda,387,0,0
0,206051132,2017,South Melbourne,382,27,0.070680628
0,206071144,2017,Richmond (Vic.),379,7,0.018469657
0,212051320,2017,Clayton,376,113,0.300531915
0,503021042,2017,Subiaco - Shenton Park,368,16,0.043478261
0,121021405,2017,Hornsby - Waitara,361,4,0.011080332
0,801051052,2017,Campbell,345,168,0.486956522
0,128011528,2017,Cronulla - Kurnell - Bundeena,342,0,0
0,121011401,2017,St Leonards - Naremburn,341,2,0.005865103
0,309091266,2017,Southport,339,1,0.002949853
0,206051128,2017,Albert Park,339,2,0.005899705
0,122021423,2017,Warriewood - Mona Vale,334,3,0.008982036
0,128011527,2017,Caringbah - Lilli Pilli,331,0,0
0,118021352,2017,Randwick,329,4,0.012158055
0,126021500,2017,Macquarie Park - Marsfield,327,5,0.01529052
0,506071147,2017,South Perth - Kensington,327,5,0.01529052
0,121041415,2017,Mosman,326,4,0.012269939
0,206061137,2017,South Yarra - East,321,2,0.00623053
0,207011151,2017,Hawthorn,317,57,0.179810726
0,122031428,2017,Frenchs Forest - Belrose,316,4,0.012658228
0,305041135,2017,Paddington - Milton,314,2,0.006369427
0,115011292,2017,Castle Hill,304,0,0
0,117031336,2017,Surry Hills,301,6,0.019933555
0,117031335,2017,Redfern - Chippendale,299,20,0.066889632
0,121011402,2017,Willoughby - Castle Cove - Northbridge,296,1,0.003378378
0,318021467,2017,Aitkenvale,292,1,0.003424658
0,208011169,2017,Brighton (Vic.),292,0,0
0,121041414,2017,Crows Nest - Waverton,290,2,0.006896552
0,121031410,2017,St Ives,287,0,0
0,206041117,2017,Carlton,286,42,0.146853147
0,207011153,2017,Kew,283,0,0
0,208031188,2017,Cheltenham - Highett (East),275,1,0.003636364
0,507021165,2017,Fremantle,268,1,0.003731343
0,206041124,2017,Parkville,265,79,0.298113208
0,115021297,2017,Dural - Kenthurst - Wisemans Ferry,265,3,0.011320755
0,315021407,2017,Northern Highlands,263,0,0
0,118021348,2017,Coogee - Clovelly,263,0,0
0,122011419,2017,Manly - Fairlight,262,0,0
0,206061136,2017,Prahran - Windsor,260,1,0.003846154
0,117031332,2017,Newtown - Camperdown - Darlington,259,43,0.166023166
0,309101270,2017,Surfers Paradise,256,0,0
0,121041416,2017,Neutral Bay - Kirribilli,256,0,0
0,208031193,2017,Mordialloc - Parkdale,250,0,0
0,211011251,2017,Bayswater,250,1,0.004
0,209021206,2017,Preston,249,0,0
0,118021349,2017,Kensington - Kingsford,249,28,0.112449799
0,118011345,2017,Paddington - Moore Park,247,0,0
0,206061138,2017,Toorak,244,3,0.012295082
0,122011418,2017,Balgowlah - Clontarf - Seaforth,242,2,0.008264463
0,404031108,2017,Richmond (SA),241,32,0.132780083
0,120021388,2017,Leichhardt - Annandale,240,28,0.116666667
0,120021387,2017,Balmain,239,2,0.008368201
0,120011386,2017,Five Dock - Abbotsford,238,1,0.004201681
0,121031407,2017,Gordon - Killara,236,2,0.008474576
0,212051324,2017,Mount Waverley - South,234,2,0.008547009
0,206041123,2017,North Melbourne,232,0,0
0,505021091,2017,Osborne Park Industrial,231,1,0.004329004
0,303051076,2017,Rocklea - Acacia Ridge,229,0,0
0,117031338,2017,Waterloo - Beaconsfield,229,0,0
0,121011399,2017,Chatswood (West) - Lane Cove North,229,0,0
0,121041413,2017,Cremorne - Cammeray,228,0,0
0,118011340,2017,Bondi Beach - North Bondi,228,0,0
0,504011045,2017,Bayswater - Embleton - Bedford,227,3,0.013215859
0,117031334,2017,Pyrmont - Ultimo,225,4,0.017777778
0,116011307,2017,Lalor Park - Kings Langley,224,0,0
0,122021422,2017,Newport - Bilgola,222,0,0
0,401071024,2017,Unley - Parkside,220,1,0.004545455
0,117021326,2017,Marrickville,220,3,0.013636364
0,118021351,2017,Maroubra,219,1,0.00456621
0,118011341,2017,Bondi Junction - Waverly,219,0,0
0,401031013,2017,Toorak Gardens,219,6,0.02739726
0,207011148,2017,Balwyn North,218,5,0.02293578
0,120011383,2017,Concord - Mortlake - Cabarita,218,18,0.082568807
0,128021536,2017,Oyster Bay - Como - Jannali,216,0,0
0,121031408,2017,Lindfield - Roseville,216,0,0
0,208041194,2017,Malvern - Glen Iris,215,1,0.004651163
0,125021477,2017,Ermington - Rydalmere,214,4,0.018691589
0,212051325,2017,Mulgrave,211,7,0.033175355
0,122021420,2017,Avalon - Palm Beach,210,0,0
0,122031431,2017,Narrabeen - Collaroy,208,0,0
0,209041223,2017,Thomastown,208,0,0
0,119011356,2017,Condell Park,206,2,0.009708738
0,207011152,2017,Hawthorn East,205,10,0.048780488
0,117031330,2017,Erskineville - Alexandria,203,0,0
0,118011346,2017,Rose Bay - Vaucluse - Watsons Bay,202,3,0.014851485
0,208021177,2017,Caulfield - North,202,0,0
0,206041125,2017,South Yarra - West,202,9,0.044554455
0,211011252,2017,Boronia - The Basin,202,2,0.00990099
0,309061248,2017,Nerang - Mount Nathan,202,0,0
0,505021086,2017,Dianella,201,0,0
0,118011339,2017,Bondi - Tamarama - Bronte,200,0,0
0,503021043,2017,Wembley - West Leederville - Glendalough,200,3,0.015
0,126021498,2017,Gladesville - Huntleys Point,200,1,0.005
0,506051140,2017,Kalamunda - Maida Vale - Gooseberry Hill,200,0,0
0,208031191,2017,Moorabbin - Heatherton,197,5,0.025380711
0,208021178,2017,Caulfield - South,196,0,0
0,121031409,2017,Pymble,196,1,0.005102041
0,125011473,2017,Homebush Bay - Silverwater,195,1,0.005128205
0,207021158,2017,Doncaster East,195,0,0
0,211011253,2017,Ferntree Gully,194,0,0
0,506031124,2017,Bentley - Wilson - St James,193,7,0.03626943
0,117031333,2017,Potts Point - Woolloomooloo,193,0,0
0,401071023,2017,Goodwood - Millswood,192,0,0
0,117031331,2017,Glebe - Forest Lodge,190,0,0
0,121031412,2017,Wahroonga - Warrawee,190,0,0
0,127031523,2017,Chipping Norton - Moorebank,190,7,0.036842105
0,210051243,2017,Campbellfield - Coolaroo,189,1,0.005291005
0,206041119,2017,East Melbourne,189,19,0.100529101
0,128011531,2017,Sylvania - Taren Point,188,2,0.010638298
0,121031411,2017,Turramurra,188,5,0.026595745
0,128021538,2017,Sutherland - Kirrawee,187,2,0.010695187
0,107041149,2017,Wollongong,187,3,0.016042781
0,309051244,2017,Mudgeeraba - Bonogin,185,1,0.005405405
0,117031329,2017,Darlinghurst,185,8,0.043243243
0,507041181,2017,Melville,185,0,0
0,209011198,2017,Heidelberg - Rosanna,184,4,0.02173913
0,309011225,2017,Burleigh Heads,184,0,0
0,211031264,2017,Croydon,184,0,0
0,207011149,2017,Camberwell,184,0,0
0,214011375,2017,Seaford (Vic.),184,0,0
0,403031069,2017,Mitcham (SA),183,5,0.027322404
0,404031107,2017,Plympton,181,8,0.044198895
0,119031372,2017,Peakhurst - Lugarno,181,0,0
0,117011322,2017,Mascot - Eastlakes,181,4,0.022099448
0,122031426,2017,Dee Why - North Curl Curl,180,1,0.005555556
0,121021403,2017,Asquith - Mount Colah,180,0,0
0,208011173,2017,Sandringham - Black Rock,180,0,0
0,111031229,2017,Newcastle - Cooks Hill,180,0,0
0,206031114,2017,Essendon - Aberfeldie,179,0,0
0,206041126,2017,Southbank,179,18,0.100558659
0,208041195,2017,Malvern East,179,2,0.011173184
0,208031184,2017,Braeside,179,6,0.033519553
0,304031096,2017,St Lucia,178,26,0.146067416
0,209031209,2017,Eltham,178,0,0
0,214021381,2017,Mount Eliza,178,0,0
0,126011495,2017,Epping - North Epping,177,3,0.016949153
0,206071142,2017,Fitzroy,177,23,0.129943503
0,316011413,2017,Buderim - North,177,0,0
0,126021502,2017,Ryde - Putney,176,2,0.011363636
0,305041137,2017,Toowong,175,1,0.005714286
0,505021092,2017,Scarborough,173,0,0
0,506021118,2017,Belmont - Ascot - Redcliffe,173,0,0
0,122021421,2017,Bayview - Elanora Heights,173,0,0
0,206011105,2017,Brunswick,173,3,0.01734104
0,125041492,2017,Parramatta - Rosehill,173,7,0.040462428
0,211021261,2017,Donvale - Park Orchards,172,0,0
0,120021389,2017,Lilyfield - Rozelle,172,9,0.052325581
0,505021084,2017,Balcatta - Hamersley,171,1,0.005847953
0,208021175,2017,Bentleigh East,170,0,0
0,126011496,2017,Pennant Hills - Cheltenham,169,0,0
0,309081261,2017,Robina,169,0,0
0,126021501,2017,North Ryde - East Ryde,168,28,0.166666667
0,210021235,2017,Romsey,167,0,0
0,505021089,2017,Karrinyup - Gwelup - Carine,166,0,0
0,207011147,2017,Balwyn,165,0,0
0,206021112,2017,Thornbury,164,0,0
0,507041175,2017,Applecross - Ardross,164,1,0.006097561
0,119031374,2017,South Hurstville - Blakehurst,163,0,0
0,102011032,2017,Gosford - Springfield,162,1,0.00617284
0,211011257,2017,Rowville - North,162,0,0
0,120031397,2017,Strathfield,162,0,0
0,504011047,2017,Morley,161,0,0
0,125021476,2017,Carlingford,161,0,0
0,126021499,2017,Hunters Hill - Woolwich,161,0,0
0,207031161,2017,Blackburn,161,43,0.267080745
0,309071255,2017,Ormeau - Yatala,161,0,0
0,128011530,2017,Miranda - Yowie Bay,161,0,0
0,214011371,2017,Frankston,161,0,0
0,207011155,2017,Surrey Hills (West) - Canterbury,160,0,0
0,212051326,2017,Oakleigh - Huntingdale,160,1,0.00625
0,401051017,2017,Norwood (SA),159,3,0.018867925
0,506031130,2017,Welshpool,158,0,0
0,304031094,2017,Indooroopilly,158,0,0
0,507041178,2017,Booragoon,158,4,0.025316456
0,210011228,2017,Keilor,158,15,0.094936709
0,505021088,2017,Innaloo - Doubleview,157,0,0
0,507021166,2017,Fremantle - South,157,2,0.012738854
0,404021102,2017,The Parks,157,0,0
0,118011347,2017,Woollahra,156,0,0
0,506021123,2017,Victoria Park - Lathlain - Burswood,156,0,0
0,107041146,2017,Figtree - Keiraville,155,15,0.096774194
0,601051027,2017,Hobart,153,0,0
0,505031103,2017,Madeley - Darch - Landsdale,153,6,0.039215686
0,506031131,2017,Willetton,153,0,0
0,504011044,2017,Bassendean - Eden Hill - Ashfield,152,0,0
0,127021521,2017,Wetherill Park Industrial,152,2,0.013157895
0,121021406,2017,Normanhurst - Thornleigh - Westleigh,152,3,0.019736842
0,208011170,2017,Brighton East,151,0,0
0,116011303,2017,Blacktown (East) - Kings Park,151,4,0.026490066
0,203021039,2017,Geelong,150,5,0.033333333
0,506041136,2017,Maddington - Orange Grove - Martin,150,0,0
0,403011057,2017,Glenelg (SA),149,0,0
0,401011002,2017,North Adelaide,148,14,0.094594595
0,126021497,2017,Eastwood - Denistone,148,1,0.006756757
0,119021364,2017,Kingsgrove (North) - Earlwood,148,8,0.054054054
0,309091263,2017,Ashmore,148,0,0
0,206051130,2017,Port Melbourne,147,1,0.006802721
0,301021007,2017,Cleveland,147,0,0
0,505021096,2017,Wembley Downs - Churchlands - Woodlands,147,0,0
0,115011291,2017,Baulkham Hills (West) - Bella Vista,147,2,0.013605442
0,211031263,2017,Bayswater North,147,1,0.006802721
0,211051282,2017,Mount Dandenong - Olinda,147,0,0
0,503021039,2017,Mount Lawley - Inglewood,147,4,0.027210884
0,209011199,2017,Heidelberg West,146,1,0.006849315
0,103041077,2017,Orange,146,16,0.109589041
0,212051327,2017,Wheelers Hill,145,0,0
0,504031063,2017,Malaga,145,0,0
0,120011385,2017,Drummoyne - Rodd Point,144,0,0
0,503011031,2017,Claremont (WA),144,0,0
0,507041177,2017,Bicton - Palmyra,143,0,0
0,309011227,2017,Mermaid Beach - Broadbeach,143,0,0
0,505031108,2017,Wanneroo,143,3,0.020979021
0,212041314,2017,Keysborough,143,44,0.307692308
0,208011172,2017,Hampton,143,3,0.020979021
0,124051471,2017,St Marys - Colyton,142,0,0
0,128021532,2017,Engadine - Loftus,142,0,0
0,507041182,2017,Murdoch - Kardinya,141,7,0.04964539
0,206021111,2017,Northcote,141,0,0
0,207011150,2017,Glen Iris - East,141,2,0.014184397
0,316031427,2017,Maroochydore - Kuluin,141,7,0.04964539
0,314031394,2017,Strathpine - Brendale,139,2,0.014388489
0,120011384,2017,Concord West - North Strathfield,139,0,0
0,401031011,2017,Burnside - Wattle Park,139,0,0
0,303021053,2017,Coorparoo,139,1,0.007194245
0,207021159,2017,Templestowe,139,0,0
0,207021157,2017,Doncaster,139,1,0.007194245
0,111031228,2017,Merewether - The Junction,138,0,0
0,316041433,2017,Noosa Hinterland,138,0,0
0,505011072,2017,Duncraig,138,0,0
0,309021234,2017,Palm Beach,138,0,0
0,207031163,2017,Box Hill,138,6,0.043478261
0,107011134,2017,Unanderra - Mount Kembla,137,4,0.02919708
0,208031190,2017,Mentone,137,2,0.01459854
0,212011289,2017,Emerald - Cockatoo,136,0,0
0,115011290,2017,Baulkham Hills (East),136,0,0
0,211031267,2017,Ringwood East,136,2,0.014705882
0,122031430,2017,Manly Vale - Allambie Heights,136,0,0
0,401051019,2017,St Peters - Marden,135,2,0.014814815
0,206051129,2017,Elwood,134,0,0
0,123021440,2017,Ingleburn - Denham Court,134,0,0
0,208011168,2017,Beaumaris,134,0,0
0,309031240,2017,Runaway Bay,133,1,0.007518797
0,125011474,2017,Lidcombe - Regents Park,133,4,0.030075188
0,211031266,2017,Ringwood,133,1,0.007518797
0,401021004,2017,Aldgate - Stirling,133,3,0.022556391
0,213021346,2017,Williamstown,132,2,0.015151515
0,119011353,2017,Bankstown,132,0,0
0,506021122,2017,Rivervale - Kewdale - Cloverdale,132,2,0.015151515
0,503021038,2017,Mount Hawthorn - Leederville,131,3,0.022900763
0,309011226,2017,Burleigh Waters,130,0,0
0,506031129,2017,Riverton - Shelley - Rossmoyne,130,0,0
0,305021114,2017,Bulimba,130,0,0
0,503011030,2017,City Beach,130,0,0
0,212021297,2017,Hallam,130,7,0.053846154
0,214021380,2017,Mornington,129,0,0
0,111011208,2017,Charlestown - Dudley,129,0,0
0,212051322,2017,Glen Waverley - West,129,4,0.031007752
0,305031128,2017,Newstead - Bowen Hills,129,1,0.007751938
0,112031254,2017,Tweed Heads,129,0,0
0,801061065,2017,Kingston - Barton,129,29,0.224806202
0,110011186,2017,Armidale,128,17,0.1328125
0,506071145,2017,Como,128,0,0
0,108041163,2017,Port Macquarie - East,128,0,0
0,212041317,2017,Springvale,128,0,0
0,206071139,2017,Abbotsford,127,6,0.047244094
0,111011209,2017,Glendale - Cardiff - Hillsborough,127,0,0
0,304021090,2017,Kenmore,127,2,0.015748031
0,126021503,2017,West Ryde - Meadowbank,127,0,0
0,311051325,2017,Loganholme - Tanah Merah,127,0,0
0,303031060,2017,Eight Mile Plains,126,2,0.015873016
0,118011344,2017,Dover Heights,126,0,0
0,115011293,2017,Cherrybrook,125,0,0
0,212021293,2017,Berwick - North,125,0,0
0,206051134,2017,St Kilda East,125,0,0
0,402031036,2017,Enfield - Blair Athol,124,0,0
0,305011111,2017,Spring Hill,124,2,0.016129032
0,112011236,2017,Ballina,123,0,0
0,211041270,2017,Mitcham (Vic.),123,2,0.016260163
0,212051323,2017,Mount Waverley - North,123,0,0
0,209011197,2017,Greensborough,122,0,0
0,214011370,2017,Carrum Downs,122,2,0.016393443
0,212051321,2017,Glen Waverley - East,122,0,0
0,309101268,2017,Bundall,122,0,0
0,506041137,2017,Thornlie,122,0,0
0,122031427,2017,Forestville - Killarney Heights,122,0,0
0,214021385,2017,Somerville,122,2,0.016393443
0,210041241,2017,Sunbury - South,122,0,0
0,214011373,2017,Frankston South,122,0,0
0,206071140,2017,Carlton North - Princes Hill,122,4,0.032786885
0,208021174,2017,Bentleigh - McKinnon,121,0,0
0,309031239,2017,Paradise Point - Hollywell,121,0,0
0,403031068,2017,Colonel Light Gardens,121,2,0.016528926
0,505011077,2017,Joondalup - Edgewater,121,11,0.090909091
0,107041144,2017,Balgownie - Fairy Meadow,121,0,0
0,309011224,2017,Broadbeach Waters,120,2,0.016666667
0,212021298,2017,Narre Warren,120,0,0
0,117021327,2017,Petersham - Stanmore,120,0,0
0,127031525,2017,Liverpool - Warwick Farm,120,1,0.008333333
0,801071082,2017,Kambah,120,0,0
0,206051131,2017,Port Melbourne Industrial,120,4,0.033333333
0,505011079,2017,Mullaloo - Kallaroo,120,0,0
0,212031300,2017,Cranbourne,119,0,0
0,503011032,2017,Cottesloe,119,0,0
0,212041310,2017,Clayton South,119,4,0.033613445
0,206061135,2017,Armadale,119,0,0
0,119041382,2017,Sans Souci - Ramsgate,118,3,0.025423729
0,309041242,2017,Tamborine - Canungra,118,0,0
0,506021119,2017,East Victoria Park - Carlisle,118,0,0
0,311061332,2017,Rochedale South - Priestdale,117,0,0
0,125041488,2017,Girraween - Westmead,117,0,0
0,309071252,2017,Helensvale,117,0,0
0,317011456,2017,Toowoomba - Central,117,0,0
0,119041376,2017,Bexley,117,0,0
0,506041132,2017,Beckenham - Kenwick - Langford,116,0,0
0,112031255,2017,Tweed Heads - South,116,0,0
0,128021535,2017,Menai - Lucas Heights - Woronora,116,7,0.060344828
0,309031238,2017,Labrador,115,0,0
0,207021160,2017,Templestowe Lower,115,0,0
0,314011386,2017,Hills District,115,0,0
0,311061333,2017,Slacks Creek,115,0,0
0,115031300,2017,Kurrajong Heights - Ebenezer,115,0,0
0,316041431,2017,Eumundi - Yandina,114,0,0
0,125041489,2017,North Parramatta,114,0,0
0,117011321,2017,Botany,114,0,0
0,305011106,2017,Fortitude Valley,114,2,0.01754386
0,503011034,2017,Mosman Park - Peppermint Grove,114,0,0
0,301011004,2017,Capalaba,113,0,0
0,311061334,2017,Springwood,113,0,0
0,507021164,2017,East Fremantle,112,0,0
0,402041045,2017,Pooraka,112,4,0.035714286
0,316011414,2017,Buderim - South,112,3,0.026785714
0,310011271,2017,Darra - Sumner,112,1,0.008928571
0,309071258,2017,Upper Coomera - Willow Vale,112,0,0
0,404011093,2017,Hindmarsh - Brompton,112,11,0.098214286
0,213021344,2017,Newport,111,0,0
0,125011472,2017,Auburn,111,0,0
0,505021093,2017,Stirling - Osborne Park,111,1,0.009009009
0,316031428,2017,Mooloolaba - Alexandra Headland,111,0,0
0,304041103,2017,The Gap,111,0,0
0,212051319,2017,Ashwood - Chadstone,110,0,0
0,208031185,2017,Carrum - Patterson Lakes,110,0,0
0,211051278,2017,Lilydale - Coldstream,109,0,0
0,309021233,2017,Elanora,109,0,0
0,119031369,2017,Mortdale - Penshurst,109,0,0
0,302031037,2017,Eagle Farm - Pinkenba,109,4,0.036697248
0,507051188,2017,Rockingham,109,2,0.018348624
0,309021232,2017,Currumbin Waters,108,0,0
0,125031482,2017,Greystanes - Pemulwuy,108,0,0
0,309061246,2017,Carrara,107,0,0
0,213031348,2017,Footscray,107,0,0
0,506031126,2017,Canning Vale Commercial,107,0,0
0,206011108,2017,Coburg,106,0,0
0,305021117,2017,Morningside - Seven Hills,106,3,0.028301887
0,210051245,2017,Gladstone Park - Westmeadows,106,15,0.141509434
0,124031464,2017,Penrith,106,1,0.009433962
0,128011529,2017,Gymea - Grays Point,106,0,0
0,125031479,2017,Chester Hill - Sefton,106,2,0.018867925
0,506051141,2017,Lesmurdie - Bickley - Carmel,105,0,0
0,211051274,2017,Belgrave - Selby,105,0,0
0,111031224,2017,Hamilton - Broadmeadow,105,0,0
0,505031105,2017,Mindarie - Quinns Rocks - Jindalee,104,0,0
0,118021350,2017,Malabar - La Perouse - Chifley,104,0,0
0,504021050,2017,Glen Forrest - Darlington,104,0,0
0,402041047,2017,Salisbury East,104,0,0
0,120031391,2017,Burwood - Croydon,104,0,0
0,115041302,2017,Rouse Hill - Beaumont Hills,104,0,0
0,206071145,2017,Yarra - North,103,2,0.019417476
0,214021384,2017,Rosebud - McCrae,103,0,0
0,401061021,2017,Prospect,103,0,0
0,124011452,2017,Katoomba - Leura,103,0,0
0,111021219,2017,Toronto - Awaba,103,0,0
0,309031235,2017,Arundel,103,0,0
0,309091264,2017,Molendinar,102,0,0
0,112011240,2017,Byron Bay,102,0,0
0,125041493,2017,Toongabbie - Constitution Hill,102,0,0
0,125041491,2017,Northmead,102,32,0.31372549
0,204031074,2017,Wodonga,102,0,0
0,209011202,2017,Montmorency - Briar Hill,102,1,0.009803922
0,102011029,2017,Box Head - MacMasters Beach,101,0,0
0,505011082,2017,Sorrento - Marmion,101,0,0
0,211011260,2017,Wantirna South,101,0,0
0,125031486,2017,Smithfield Industrial,101,6,0.059405941
0,505011078,2017,Kingsley,100,0,0
0,124041467,2017,Windsor - Bligh Park,100,0,0
0,124031459,2017,Emu Plains - Leonay,100,13,0.13
0,116011308,2017,Seven Hills - Toongabbie,100,0,0
0,207021156,2017,Bulleen,100,0,0
0,211011256,2017,Rowville - Central,100,0,0
0,208021179,2017,Elsternwick,100,0,0
0,125041490,2017,North Rocks,100,4,0.04
0,116021312,2017,Riverstone - Marsden Park,99,0,0
0,402041046,2017,Salisbury,99,1,0.01010101
0,504021054,2017,Swan View - Greenmount - Midvale,99,1,0.01010101
0,305031126,2017,Kelvin Grove - Herston,99,3,0.03030303
0,213051368,2017,Werribee - South,99,1,0.01010101
0,305011110,2017,South Brisbane,98,4,0.040816327
0,316041432,2017,Nambour,98,0,0
0,207031167,2017,Surrey Hills (East) - Mont Albert,98,0,0
0,214011374,2017,Langwarrin,98,0,0
0,505021097,2017,Yokine - Coolbinia - Menora,98,0,0
0,120031395,2017,Haberfield - Summer Hill,98,0,0
0,208011171,2017,Cheltenham - Highett (West),98,0,0
0,214021379,2017,Hastings - Somers,98,0,0
0,504031066,2017,Midland - Guildford,98,0,0
0,209021208,2017,Reservoir - West,98,2,0.020408163
0,209021207,2017,Reservoir - East,97,0,0
0,124011454,2017,Springwood - Winmalee,97,0,0
0,601051031,2017,Sandy Bay,96,0,0
0,401041016,2017,Rostrevor - Magill,96,0,0
0,403011056,2017,Brighton (SA),96,0,0
0,111021218,2017,Morisset - Cooranbong,96,0,0
0,309061250,2017,Worongary - Tallai,96,0,0
0,119011358,2017,Padstow,96,0,0
0,208021176,2017,Carnegie,95,0,0
0,211041271,2017,Nunawading,95,0,0
0,210011229,2017,Keilor East,95,0,0
0,212021296,2017,Endeavour Hills,95,0,0
0,211021262,2017,Warrandyte - Wonga Park,95,0,0
0,404011096,2017,West Lakes,95,0,0
0,206031116,2017,Moonee Ponds,94,0,0
0,506031128,2017,Parkwood - Ferndale - Lynwood,94,0,0
0,124011450,2017,Blaxland - Warrimoo - Lapstone,94,0,0
0,313021365,2017,Caboolture,94,2,0.021276596
0,313051377,2017,Clontarf,94,0,0
0,102011040,2017,Umina - Booker Bay - Patonga,94,0,0
0,206011106,2017,Brunswick East,94,10,0.106382979
0,122031425,2017,Cromer,94,2,0.021276596
0,207031165,2017,Burwood,93,0,0
0,215021397,2017,Mildura,93,1,0.010752688
0,213021343,2017,Altona North,92,0,0
0,115041301,2017,Pitt Town - McGraths Hill,92,0,0
0,505011073,2017,Greenwood - Warwick,91,0,0
0,127021510,2017,Bossley Park - Abbotsbury,91,0,0
0,120031390,2017,Ashfield,91,0,0
0,303031063,2017,Mount Gravatt,91,0,0
0,303041070,2017,Salisbury - Nathan,91,7,0.076923077
0,119041378,2017,Kogarah,91,1,0.010989011
0,209011200,2017,Ivanhoe,91,0,0
0,115011295,2017,Kellyville,90,0,0
0,506031127,2017,Cannington - Queens Park,90,0,0
0,114021284,2017,Bowral,90,0,0
0,212041312,2017,Dandenong North,90,0,0
0,107041150,2017,Woonona - Bulli - Russell Vale,90,1,0.011111111
0,302021030,2017,Geebung,90,2,0.022222222
0,213031351,2017,West Footscray - Tottenham,90,0,0
0,301031020,2017,Wynnum,90,0,0
0,506051138,2017,Forrestfield - Wattle Grove,90,0,0
0,119041380,2017,Monterey - Brighton-le-Sands - Kyeemagh,89,0,0
0,303041067,2017,Coopers Plains,89,0,0
0,119031368,2017,Hurstville,89,0,0
0,303021059,2017,Yeronga,89,1,0.011235955
0,211011259,2017,Wantirna,89,0,0
0,124031461,2017,Jamisontown - South Penrith,89,0,0
0,109011174,2017,Albury - South,89,1,0.011235955
0,302031038,2017,Northgate - Virginia,89,0,0
0,403021061,2017,Mitchell Park,89,15,0.168539326
0,104021085,2017,Coffs Harbour - South,88,0,0
0,506041134,2017,Gosnells,88,0,0
0,301011001,2017,Alexandra Hills,88,0,0
0,214011372,2017,Frankston North,88,0,0
0,509011225,2017,Albany,88,0,0
0,112011237,2017,Ballina Region,88,0,0
0,125031485,2017,Merrylands - Holroyd,88,0,0
0,304011081,2017,Jindalee - Mount Ommaney,87,0,0
0,402031037,2017,Northgate - Oakden - Gilles Plains,87,0,0
0,206071141,2017,Collingwood,87,0,0
0,207031166,2017,Burwood East,87,0,0
0,112021248,2017,Lismore,87,2,0.022988506
0,119021363,2017,Canterbury (South) - Campsie,87,0,0
0,208021182,2017,Ormond - Glen Huntly,87,0,0
0,304031097,2017,Taringa,87,0,0
0,127031524,2017,Holsworthy - Wattle Grove,87,0,0
0,401031012,2017,Glenside - Beaumont,87,0,0
0,119041379,2017,Kogarah Bay - Carlton - Allawah,87,0,0
0,309101267,2017,Benowa,86,0,0
0,206071143,2017,Fitzroy North,86,0,0
0,507041180,2017,Leeming,86,0,0
0,210051250,2017,Tullamarine,86,0,0
0,211041272,2017,Vermont,86,0,0
0,207031164,2017,Box Hill North,86,0,0
0,211041273,2017,Vermont South,85,0,0
0,304021088,2017,Chapel Hill,85,0,0
0,209011203,2017,Viewbank - Yallambie,85,0,0
0,306021145,2017,Cairns City,85,6,0.070588235
0,303061080,2017,Sunnybank Hills,85,0,0
0,504021053,2017,Mundaring,85,0,0
0,212041315,2017,Noble Park,85,3,0.035294118
0,304021087,2017,Brookfield - Kenmore Hills,85,0,0
0,505021094,2017,Trigg - North Beach - Watermans Bay,84,0,0
0,214021382,2017,Mount Martha,84,0,0
0,213031352,2017,Yarraville,84,4,0.047619048
0,207011146,2017,Ashburton (Vic.),84,0,0
0,127021519,2017,Smithfield - Wetherill Park,84,0,0
0,311051327,2017,Shailer Park,84,0,0
0,104021089,2017,Sawtell - Boambee,84,0,0
0,213051367,2017,Werribee,84,0,0
0,122031424,2017,Beacon Hill - Narraweena,84,0,0
0,504031056,2017,Ballajura,83,0,0
0,214021383,2017,Point Nepean,83,0,0
0,119021366,2017,Punchbowl,83,3,0.036144578
0,123021443,2017,Minto - St Andrews,83,4,0.048192771
0,403021058,2017,Edwardstown,83,13,0.156626506
0,123011434,2017,Elderslie - Harrington Park,83,0,0
0,310011273,2017,Forest Lake - Doolandella,82,0,0
0,102011039,2017,Terrigal - North Avoca,82,0,0
0,309021231,2017,Currumbin - Tugun,82,0,0
0,211051286,2017,Yarra Valley,82,0,0
0,106031121,2017,Nelson Bay Peninsula,82,0,0
0,213011338,2017,Sunshine West,82,0,0
0,303051073,2017,Calamvale - Stretton,82,0,0
0,213051361,2017,Hoppers Crossing - North,82,0,0
0,203021040,2017,Geelong West - Hamlyn Heights,82,0,0
0,119041381,2017,Rockdale - Banksia,82,1,0.012195122
0,102011031,2017,Erina - Green Point,81,0,0
0,506011114,2017,Kelmscott,81,0,0
0,316031425,2017,Coolum Beach,81,0,0
0,202011018,2017,Bendigo,81,0,0
0,501011002,2017,Busselton,81,0,0
0,305031122,2017,Clayfield,81,0,0
0,211051284,2017,Upwey - Tecoma,81,0,0
0,123031447,2017,Picton - Tahmoor - Buxton,81,4,0.049382716
0,211051276,2017,Healesville - Yarra Glen,81,0,0
0,111031233,2017,Wallsend - Elermore Vale,80,0,0
0,112031250,2017,Kingscliff - Fingal Head,80,0,0
0,211051281,2017,Mooroolbark,80,0,0
0,801031030,2017,ACT - East,80,0,0
0,309051243,2017,Currumbin Valley - Tallebudgera,80,0,0
0,801051050,2017,Ainslie,80,3,0.0375
0,111031227,2017,Mayfield - Warabrook,79,1,0.012658228
0,508051210,2017,Geraldton,79,0,0
0,401041015,2017,Paradise - Newton,79,0,0
0,119011357,2017,Greenacre - Mount Lewis,79,1,0.012658228
0,210051244,2017,Craigieburn - Mickleham,79,16,0.202531646
0,313051381,2017,Scarborough - Newport,79,0,0
0,309011228,2017,Mermaid Waters,79,0,0
0,801051049,2017,Acton,79,29,0.367088608
0,120031393,2017,Croydon Park - Enfield,78,0,0
0,213021341,2017,Altona,78,0,0
0,309031236,2017,Biggera Waters,78,0,0
0,401061022,2017,Walkerville,78,0,0
0,303011049,2017,Carina,78,0,0
0,309071256,2017,Oxenford - Maudsland,78,0,0
0,404011090,2017,Beverley,78,6,0.076923077
0,402031038,2017,Windsor Gardens,78,0,0
0,125021478,2017,Oatlands - Dundas Valley,78,0,0
0,107041148,2017,Thirroul - Austinmer - Coalcliff,78,0,0
0,210031239,2017,Pascoe Vale,78,0,0
0,301011002,2017,Belmont - Gumdale,77,7,0.090909091
0,124041466,2017,Richmond - Clarendon,77,0,0
0,211051275,2017,Chirnside Park,77,0,0
0,504011046,2017,Maylands,77,9,0.116883117
0,205041097,2017,Traralgon,77,0,0
0,205011079,2017,Warragul,77,0,0
0,115011296,2017,West Pennant Hills,76,0,0
0,504011048,2017,Noranda,76,0,0
0,311051324,2017,Cornubia - Carbrook,76,0,0
0,503011033,2017,Floreat,76,0,0
0,203021042,2017,Highton,76,11,0.144736842
0,106011112,2017,Singleton,76,0,0
0,107011130,2017,Berkeley - Warrawong - Windang,76,0,0
0,401051018,2017,Payneham - Felixstow,76,0,0
0,301031021,2017,Wynnum West - Hemmant,76,2,0.026315789
0,313041375,2017,Narangba,76,0,0
0,108041164,2017,Port Macquarie - West,76,0,0
0,111031225,2017,Lambton - New Lambton,75,0,0
0,209031215,2017,Wattle Glen - Diamond Creek,75,1,0.013333333
0,305021115,2017,East Brisbane,75,0,0
0,302021031,2017,Kedron - Gordon Park,75,0,0
0,404011097,2017,Woodville - Cheltenham,75,0,0
0,101021009,2017,Queanbeyan,75,0,0
0,111011214,2017,Warners Bay - Boolaroo,75,0,0
0,505011080,2017,Ocean Reef,75,0,0
0,114011278,2017,Nowra,75,2,0.026666667
0,801051053,2017,Civic,75,0,0
0,120031396,2017,Homebush,75,0,0
0,210031238,2017,Glenroy - Hadfield,74,0,0
0,505021095,2017,Tuart Hill - Joondanna,74,0,0
0,121021404,2017,Berowra - Brooklyn - Cowan,74,0,0
0,119011359,2017,Panania - Milperra - Picnic Point,74,0,0
0,506071146,2017,Manning - Waterford,74,0,0
0,117021328,2017,Sydenham - Tempe - St Peters,74,0,0
0,305011112,2017,West End,74,0,0
0,319031512,2017,Gympie - North,74,0,0
0,318021490,2017,Townsville City - North Ward,74,2,0.027027027
0,210031236,2017,Coburg North,74,0,0
0,309011229,2017,Miami,74,0,0
0,402051053,2017,Modbury Heights,73,0,0
0,311061335,2017,Underwood,73,0,0
0,302031040,2017,Nundah,73,0,0
0,111011206,2017,Belmont - Bennetts Green,73,0,0
0,216031416,2017,Shepparton - North,73,2,0.02739726
0,212041309,2017,Clarinda - Oakleigh South,73,0,0
0,303011051,2017,Carindale,73,0,0
0,403041082,2017,Lonsdale,72,4,0.055555556
0,506011110,2017,Armadale - Wungong - Brookdale,72,0,0
0,303031065,2017,Upper Mount Gravatt,72,0,0
0,305011108,2017,Kangaroo Point,72,0,0
0,103011058,2017,Bathurst,72,0,0
0,208031186,2017,Chelsea - Bonbeach,72,0,0
0,211031265,2017,Croydon Hills - Warranwood,72,0,0
0,115021298,2017,Galston - Laughtondale,72,0,0
0,307031189,2017,Warwick,71,0,0
0,311041321,2017,Jimboomba,71,0,0
0,203031050,2017,Ocean Grove - Barwon Heads,71,0,0
0,213051363,2017,Laverton,71,12,0.169014085
0,301011003,2017,Birkdale,71,0,0
0,128021534,2017,Illawong - Alfords Point,71,0,0
0,125031481,2017,Granville - Clyde,71,0,0
0,201011003,2017,Ballarat - North,71,0,0
0,207011154,2017,Kew East,71,0,0
0,303041068,2017,Moorooka,71,2,0.028169014
0,305041132,2017,Ashgrove,70,0,0
0,102021047,2017,Chittaway Bay - Tumbi Umbi,70,6,0.085714286
0,127031526,2017,Prestons - Lurnea,70,0,0
0,106031125,2017,Williamtown - Medowie - Karuah,70,0,0
0,124031462,2017,Kingswood - Werrington,70,4,0.057142857
0,123021437,2017,Campbelltown - Woodbine,70,0,0
0,205031093,2017,Wonthaggi - Inverloch,70,0,0
0,202011022,2017,Kangaroo Flat - Golden Square,70,0,0
0,211051280,2017,Montrose,70,0,0
0,201011002,2017,Ballarat,70,0,0
0,314011382,2017,Albany Creek,70,0,0
0,301031017,2017,Murarrie,70,4,0.057142857
0,501021006,2017,Bunbury,70,0,0
0,303031066,2017,Wishart,70,1,0.014285714
0,309071253,2017,Hope Island,69,0,0
0,116021311,2017,Quakers Hill - Acacia Gardens,69,0,0
0,507051190,2017,Safety Bay - Shoalwater,69,0,0
0,403021059,2017,Hallett Cove,69,0,0
0,403041071,2017,Aberfoyle Park,69,0,0
0,305031131,2017,Wooloowin - Lutwyche,69,0,0
0,403031066,2017,Bellevue Heights,69,0,0
0,313041373,2017,Deception Bay,68,0,0
0,319051524,2017,Maryborough (Qld),68,4,0.058823529
0,303021058,2017,Woolloongabba,68,0,0
0,102021044,2017,Bateau Bay - Killarney Vale,68,0,0
0,407021153,2017,Mount Gambier,68,0,0
0,404011092,2017,Henley Beach,68,0,0
0,311061336,2017,Woodridge,68,0,0
0,305011109,2017,New Farm,68,0,0
0,402051055,2017,St Agnes - Ridgehaven,68,0,0
0,317011459,2017,Wilsonton,68,0,0
0,311041322,2017,Logan Village,68,0,0
0,404021100,2017,North Haven,68,0,0
0,402051051,2017,Highbury - Dernancourt,68,0,0
0,111011213,2017,Valentine - Eleebana,68,0,0
0,303031062,2017,Mansfield (Qld),68,0,0
0,502011024,2017,Halls Head - Erskine,67,0,0
0,106031122,2017,Raymond Terrace,67,0,0
0,119011354,2017,Bass Hill - Georges Hall,67,0,0
0,101011001,2017,Goulburn,67,0,0
0,403041080,2017,Happy Valley,67,0,0
0,313051378,2017,Margate - Woody Point,67,0,0
0,211051279,2017,Monbulk - Silvan,67,0,0
0,203031053,2017,Torquay,67,0,0
0,402051052,2017,Hope Valley - Modbury,67,0,0
0,403031070,2017,Panorama,67,0,0
0,801061062,2017,Deakin,66,4,0.060606061
0,127011505,2017,Badgerys Creek - Greendale,66,0,0
0,209041220,2017,Mill Park - North,66,6,0.090909091
0,120031394,2017,Dulwich Hill - Lewisham,66,0,0
0,208031189,2017,Edithvale - Aspendale,66,0,0
0,112011238,2017,Bangalow,66,0,0
0,211031268,2017,Ringwood North,66,0,0
0,507011159,2017,South Lake - Cockburn Central,66,4,0.060606061
0,119021362,2017,Belmore - Belfield,66,0,0
0,125031483,2017,Guildford - South Granville,66,1,0.015151515
0,314011387,2017,Samford Valley,66,0,0
0,307021183,2017,Wambo,65,0,0
0,301021009,2017,Redland Bay,65,0,0
0,319031514,2017,Gympie Region,65,0,0
0,317011458,2017,Toowoomba - West,65,0,0
0,119031371,2017,Oatley - Hurstville Grove,65,0,0
0,403031067,2017,Blackwood,65,0,0
0,507041179,2017,Bull Creek,65,0,0
0,505031098,2017,Alexander Heights - Koondoola,65,4,0.061538462
0,103031072,2017,Mudgee,65,0,0
0,301021012,2017,Thornlands,65,0,0
0,110041205,2017,Tamworth Region,65,0,0
0,503021040,2017,North Perth,65,0,0
0,508031199,2017,Kalgoorlie,65,0,0
0,107011131,2017,Dapto - Avondale,65,0,0
0,309081262,2017,Varsity Lakes,64,2,0.03125
0,112021249,2017,Lismore Region,64,0,0
0,309091265,2017,Parkwood,64,0,0
0,213051362,2017,Hoppers Crossing - South,64,0,0
0,107041147,2017,Helensburgh,64,0,0
0,125031480,2017,Fairfield - East,64,0,0
0,111031235,2017,Wickham - Carrington - Tighes Hill,64,0,0
0,112011242,2017,Lennox Head - Skennars Head,64,0,0
0,313011363,2017,Bribie Island,64,0,0
0,210011226,2017,Airport West,64,0,0
0,214021378,2017,Flinders,64,0,0
0,404011091,2017,Flinders Park,64,0,0
0,306021154,2017,Westcourt - Bungalow,64,0,0
0,304011084,2017,Seventeen Mile Rocks - Sinnamon Park,63,0,0
0,309031237,2017,Coombabah,63,0,0
0,116011305,2017,Blacktown (South),63,0,0
0,305041134,2017,Bardon,63,0,0
0,214021377,2017,Dromana,63,0,0
0,316051435,2017,Noosaville,63,0,0
0,302021027,2017,Aspley,63,0,0
0,212041316,2017,Noble Park North,63,0,0
0,506011115,2017,Mount Nasura - Mount Richon - Bedfordale,63,0,0
0,302021034,2017,Wavell Heights,62,0,0
0,309101269,2017,Main Beach,62,0,0
0,211051277,2017,Kilsyth,62,4,0.064516129
0,502011025,2017,Mandurah,62,0,0
0,112031252,2017,Murwillumbah Region,62,0,0
0,113011256,2017,Griffith (NSW),62,0,0
0,206041121,2017,Kensington,62,0,0
0,209031214,2017,Research - North Warrandyte,62,0,0
0,119021365,2017,Lakemba - Wiley Park,61,0,0
0,103041079,2017,Orange Region,61,0,0
0,203021046,2017,Newtown (Vic.),61,0,0
0,106021117,2017,Maitland - West,61,0,0
0,305031121,2017,Ascot,61,0,0
0,505021090,2017,Nollamara - Westminster,61,0,0
0,401041014,2017,Athelstone,61,0,0
0,316061444,2017,Palmwoods,61,4,0.06557377
0,123011435,2017,Mount Annan - Currans Hill,61,0,0
0,312021346,2017,Mackay,61,0,0
0,404011094,2017,Royal Park - Hendon - Albert Park,61,0,0
0,404021101,2017,Port Adelaide,61,0,0
0,102021048,2017,Gorokan - Kanwal - Charmhaven,61,0,0
0,213031347,2017,Braybrook,61,0,0
0,505011074,2017,Heathridge - Connolly,61,0,0
0,119041375,2017,Arncliffe - Bardwell Valley,61,0,0
0,112011239,2017,Brunswick Heads - Ocean Shores,60,0,0
0,505011081,2017,Padbury,60,0,0
0,104021088,2017,Korora - Emerald Beach,60,0,0
0,316021422,2017,Moffat Beach - Battery Hill,60,0,0
0,309061249,2017,Pacific Pines - Gaven,60,0,0
0,211051283,2017,Mount Evelyn,60,0,0
0,104021084,2017,Coffs Harbour - North,60,0,0
0,127011506,2017,Cobbitty - Leppington,60,0,0
0,102011030,2017,Calga - Kulnura,60,0,0
0,602011038,2017,Launceston,60,0,0
0,125041494,2017,Winston Hills,60,0,0
0,119031370,2017,Narwee - Beverly Hills,60,0,0
0,311061329,2017,Daisy Hill,60,0,0
0,314021388,2017,Dakabin - Kallangur,59,0,0
0,402011026,2017,Gawler - South,59,0,0
0,116011306,2017,Doonside - Woodcroft,59,0,0
0,111021220,2017,Wangi Wangi - Rathmines,59,0,0
0,213011334,2017,St Albans - North,59,0,0
0,403021060,2017,Marino - Seaview Downs,59,0,0
0,108021155,2017,Kempsey,59,0,0
0,305041133,2017,Auchenflower,59,1,0.016949153
0,506021120,2017,Kewdale Commercial,59,2,0.033898305
0,102021053,2017,The Entrance,59,0,0
0,311061330,2017,Kingston,59,0,0
0,401021010,2017,Uraidla - Summertown,59,0,0
0,127021511,2017,Cabramatta - Lansvale,59,0,0
0,209041222,2017,South Morang,58,0,0
0,313051380,2017,Rothwell - Kippa-Ring,58,2,0.034482759
0,316051438,2017,Tewantin,58,0,0
0,125031484,2017,Guildford West - Merrylands West,58,0,0
0,106021115,2017,Maitland - East,58,0,0
0,104011082,2017,Maclean - Yamba - Iluka,58,0,0
0,310011276,2017,Wacol,58,0,0
0,209011204,2017,Watsonia,58,0,0
0,310031287,2017,Ipswich - East,58,0,0
0,310011274,2017,Inala - Richlands,58,7,0.120689655
0,119011361,2017,Yagoona - Birrong,58,0,0
0,209011201,2017,Ivanhoe East - Eaglemont,58,0,0
0,127011507,2017,Green Valley - Cecil Hills,57,0,0
0,203021047,2017,North Geelong - Bell Park,57,2,0.035087719
0,107041145,2017,Corrimal - Tarrawanna - Bellambi,57,0,0
0,304021089,2017,Fig Tree Pocket,57,0,0
0,213011330,2017,Deer Park - Derrimut,57,0,0
0,316061440,2017,Caloundra Hinterland,57,0,0
0,108051169,2017,Taree,57,0,0
0,206021110,2017,Alphington - Fairfield,57,9,0.157894737
0,501011003,2017,Busselton Region,57,0,0
0,311031311,2017,Boronia Heights - Park Ridge,57,0,0
0,111031231,2017,Shortland - Jesmond,57,14,0.245614035
0,503011036,2017,Swanbourne - Mount Claremont,57,0,0
0,505021085,2017,Balga - Mirrabooka,56,0,0
0,209021205,2017,Kingsbury,56,15,0.267857143
0,213021342,2017,Altona Meadows,56,0,0
0,208021181,2017,Murrumbeena,56,0,0
0,316031426,2017,Marcoola - Mudjimba,56,0,0
0,111031222,2017,Adamstown - Kotara,56,0,0
0,216011407,2017,Kyabram,56,0,0
0,123021441,2017,Leumeah - Minto Heights,56,0,0
0,306011142,2017,Trinity Beach - Smithfield,56,0,0
0,210011231,2017,Strathmore,56,0,0
0,402041041,2017,Para Hills,56,0,0
0,303061078,2017,Runcorn,56,0,0
0,109011175,2017,Albury Region,56,0,0
0,304021091,2017,Pinjarra Hills - Pullenvale,56,2,0.035714286
0,206011107,2017,Brunswick West,56,0,0
0,318021475,2017,Garbutt - West End,56,0,0
0,209041218,2017,Epping,55,0,0
0,113031267,2017,Wagga Wagga - East,55,0,0
0,507011154,2017,Hamilton Hill,55,0,0
0,404031106,2017,Lockleys,55,0,0
0,310031290,2017,Karana Downs,55,0,0
0,107031143,2017,Warilla,55,0,0
0,119041377,2017,Kingsgrove (South) - Bardwell Park,55,0,0
0,302021032,2017,Stafford,55,0,0
0,306031159,2017,Innisfail,55,0,0
0,507021167,2017,O'Connor (WA),55,1,0.018181818
0,124031458,2017,Castlereagh - Cranebrook,55,0,0
0,303041069,2017,Robertson,55,2,0.036363636
0,213011336,2017,Sunshine,55,6,0.109090909
0,127021515,2017,Fairfield,55,0,0
0,211011258,2017,Rowville - South,54,0,0
0,212021294,2017,Berwick - South,54,0,0
0,209011196,2017,Bundoora - East,54,5,0.092592593
0,202011020,2017,East Bendigo - Kennington,54,0,0
0,116031319,2017,Rooty Hill - Minchinbury,54,0,0
0,305041136,2017,Red Hill (Qld),54,1,0.018518519
0,212041313,2017,Dingley Village,54,0,0
0,316021418,2017,Buddina - Minyama,54,0,0
0,316051437,2017,Sunshine Beach,54,0,0
0,301021013,2017,Victoria Point,53,0,0
0,301011006,2017,Wellington Point,53,0,0
0,316051436,2017,Peregian,53,0,0
0,202021030,2017,Kyneton,53,0,0
0,101011002,2017,Goulburn Region,53,1,0.018867925
0,123021438,2017,Claymore - Eagle Vale - Raby,53,0,0
0,116011304,2017,Blacktown (North) - Marayong,53,0,0
0,303021055,2017,Greenslopes,53,0,0
0,403041086,2017,Reynella,53,0,0
0,108041162,2017,Laurieton - Bonny Hills,53,0,0
0,305031120,2017,Alderley,53,0,0
0,207031162,2017,Blackburn South,53,0,0
0,212031305,2017,Hampton Park - Lynbrook,52,0,0
0,124011453,2017,Lawson - Hazelbrook - Linden,52,0,0
0,101021011,2017,Queanbeyan Region,52,0,0
0,209041219,2017,Lalor,52,0,0
0,211041269,2017,Forest Hill,52,0,0
0,210051249,2017,Roxburgh Park - Somerton,52,0,0
0,311041320,2017,Greenbank,52,0,0
0,601041023,2017,Kingston Beach - Blackmans Bay,52,0,0
0,112031251,2017,Murwillumbah,52,0,0
0,106011108,2017,Cessnock,52,0,0
0,507051185,2017,Baldivis,52,0,0
0,302011025,2017,Everton Park,52,0,0
0,309061247,2017,Highland Park,52,0,0
0,315021405,2017,Mount Isa,52,0,0
0,402021030,2017,Elizabeth,52,0,0
0,216031417,2017,Shepparton - South,52,0,0
0,122031432,2017,Terrey Hills - Duffys Forest,52,0,0
0,114011272,2017,Berry - Kangaroo Valley,52,0,0
0,117011323,2017,Pagewood - Hillsdale - Daceyville,52,0,0
0,506011116,2017,Roleystone,51,0,0
0,403021062,2017,Morphettville,51,0,0
0,311021306,2017,Beenleigh,51,1,0.019607843
0,403041072,2017,Aldinga,51,0,0
0,123021444,2017,Rosemeadow - Glen Alpine,51,0,0
0,110041203,2017,Tamworth - North,51,0,0
0,206041118,2017,Docklands,51,0,0
0,107031140,2017,Kiama Hinterland - Gerringong,51,0,0
0,213011340,2017,Taylors Lakes,51,0,0
0,213041356,2017,Melton,51,0,0
0,114011277,2017,North Nowra - Bomaderry,51,0,0
0,504031057,2017,Beechboro,51,0,0
0,302011023,2017,Bridgeman Downs,51,0,0
0,301021011,2017,Sheldon - Mount Cotton,51,0,0
0,801071090,2017,Wanniassa,51,0,0
0,305031130,2017,Windsor,51,0,0
0,114021286,2017,Mittagong,51,1,0.019607843
0,507011150,2017,Bibra Industrial,50,5,0.1
0,303021056,2017,Holland Park,50,0,0
0,402041040,2017,Ingle Farm,50,0,0
0,111031234,2017,Waratah - North Lambton,50,0,0
0,404011095,2017,Seaton - Grange,50,0,0
0,302031039,2017,Nudgee - Banyo,50,0,0
0,213011333,2017,Kings Park (Vic.),50,0,0
0,402021031,2017,Elizabeth East,50,0,0
0,210021232,2017,Gisborne,50,0,0
0,108041166,2017,Wauchope,50,0,0
0,303021052,2017,Annerley,50,0,0
0,105031101,2017,Dubbo - South,50,0,0
0,212021299,2017,Narre Warren North,49,6,0.12244898
0,309081259,2017,Clear Island Waters,49,0,0
0,102011042,2017,Woy Woy - Blackwall,49,0,0
0,601041024,2017,Margate - Snug,49,0,0
0,403041087,2017,Seaford (SA),49,0,0
0,310021280,2017,Lockyer Valley - East,49,0,0
0,316051434,2017,Noosa Heads,49,0,0
0,317011447,2017,Drayton - Harristown,49,1,0.020408163
0,507011160,2017,Spearwood,49,0,0
0,112011243,2017,Mullumbimby,49,0,0
0,316061442,2017,Landsborough,49,0,0
0,127021516,2017,Fairfield - West,49,0,0
0,310021281,2017,Lowood,49,0,0
0,303041071,2017,Tarragindi,49,2,0.040816327
0,319011493,2017,Bargara - Burnett Heads,48,0,0
0,402051054,2017,Redwood Park,48,0,0
0,102011028,2017,Avoca Beach - Copacabana,48,0,0
0,801061070,2017,Yarralumla,48,7,0.145833333
0,101011004,2017,Yass Region,48,0,0
0,505011075,2017,Hillarys,48,0,0
0,205051101,2017,Maffra,48,0,0
0,212011292,2017,Pakenham - South,48,0,0
0,123031446,2017,Douglas Park - Appin,48,0,0
0,302041041,2017,Bracken Ridge,48,0,0
0,309021230,2017,Coolangatta,48,0,0
0,124051470,2017,St Clair,48,0,0
0,116031318,2017,Prospect Reservoir,48,3,0.0625
0,203031048,2017,Clifton Springs,48,0,0
0,209041224,2017,Wallan,48,0,0
0,505011070,2017,Craigie - Beldon,47,0,0
0,206031113,2017,Ascot Vale,47,0,0
0,208021180,2017,Hughesdale,47,0,0
0,310031286,2017,Ipswich - Central,47,0,0
0,305021113,2017,Balmoral,47,0,0
0,317011457,2017,Toowoomba - East,47,0,0
0,303031064,2017,Rochedale - Burbank,47,0,0
0,202021031,2017,Woodend,47,0,0
0,305021118,2017,Norman Park,47,0,0
0,311021307,2017,Eagleby,47,0,0
0,111021216,2017,Bonnells Bay - Silverwater,47,0,0
0,101041027,2017,Narooma - Bermagui,47,0,0
0,109011176,2017,Lavington,47,0,0
0,205011076,2017,Drouin,47,0,0
0,104011080,2017,Grafton,47,0,0
0,123021436,2017,Bradbury - Wedderburn,47,0,0
0,203021045,2017,Newcomb - Moolap,47,0,0
0,308031223,2017,Yeppoon,47,2,0.042553191
0,123011433,2017,Camden - Ellis Lane,47,0,0
0,310041297,2017,Camira - Gailes,47,0,0
0,301031018,2017,Tingalpa,47,0,0
0,507051191,2017,Singleton - Golden Bay - Secret Harbour,46,0,0
0,316041429,2017,Bli Bli,46,0,0
0,304021086,2017,Bellbowrie - Moggill,46,0,0
0,403041077,2017,Flagstaff Hill,46,0,0
0,210051246,2017,Greenvale - Bulla,46,0,0
0,507011148,2017,Banjup,46,0,0
0,108051170,2017,Taree Region,46,0,0
0,213031350,2017,Seddon - Kingsville,46,0,0
0,402041048,2017,Salisbury North,46,8,0.173913043
0,604021085,2017,Devonport,46,0,0
0,101041025,2017,Merimbula - Tura Beach,46,0,0
0,206031115,2017,Flemington,46,0,0
0,303011047,2017,Camp Hill,46,0,0
0,316021423,2017,Parrearra - Warana,46,0,0
0,504031068,2017,The Vines,46,0,0
0,111011212,2017,Swansea - Caves Beach,46,0,0
0,119021367,2017,Roselands,46,0,0
0,120031392,2017,Canterbury (North) - Ashbury,46,0,0
0,316021420,2017,Caloundra - West,46,0,0
0,314011383,2017,Cashmere,45,0,0
0,217021433,2017,Warrnambool - South,45,2,0.044444444
0,506061142,2017,Byford,45,0,0
0,312021348,2017,Mount Pleasant - Glenella,45,0,0
0,507041184,2017,Winthrop,45,0,0
0,507051193,2017,Warnbro,45,0,0
0,113031269,2017,Wagga Wagga - South,45,0,0
0,101021010,2017,Queanbeyan - East,45,2,0.044444444
0,106021116,2017,Maitland - North,45,0,0
0,123021442,2017,Macquarie Fields - Glenfield,45,0,0
0,304031092,2017,Chelmer - Graceville,45,0,0
0,127021518,2017,Horsley Park - Kemps Creek,45,0,0
0,201011004,2017,Ballarat - South,45,0,0
0,210051242,2017,Broadmeadows,45,1,0.022222222
0,213011337,2017,Sunshine North,45,0,0
0,106011109,2017,Cessnock Region,44,0,0
0,213051364,2017,Point Cook,44,0,0
0,309071251,2017,Coomera,44,0,0
0,215031404,2017,Swan Hill,44,0,0
0,317011451,2017,Lockyer Valley - West,44,0,0
0,203021038,2017,Corio - Norlane,44,0,0
0,311051326,2017,Loganlea,44,4,0.090909091
0,213011332,2017,Keilor Downs,44,0,0
0,212031307,2017,Narre Warren South,44,0,0
0,314011384,2017,Dayboro,44,0,0
0,501021005,2017,Australind - Leschenault,44,0,0
0,101031014,2017,Cooma,44,0,0
0,601041022,2017,Kingston - Huntingfield,44,0,0
0,601021005,2017,Cambridge,44,0,0
0,313011362,2017,Beachmere - Sandstone Point,44,0,0
0,213041353,2017,Bacchus Marsh,44,0,0
0,501011004,2017,Margaret River,44,0,0
0,311021309,2017,Mount Warren Park,44,0,0
0,213041357,2017,Melton South,44,0,0
0,106011111,2017,Kurri Kurri - Abermain,44,0,0
0,127011508,2017,Hoxton Park - Horningsea Park,43,0,0
0,211051285,2017,Wandin - Seville,43,0,0
0,202021028,2017,Castlemaine Region,43,0,0
0,101041026,2017,Moruya - Tuross Head,43,0,0
0,203021044,2017,Leopold,43,0,0
0,104011081,2017,Grafton Region,43,0,0
0,801061067,2017,Narrabundah,43,0,0
0,303061079,2017,Sunnybank,43,0,0
0,124011455,2017,Wentworth Falls,43,0,0
0,404021099,2017,Largs Bay - Semaphore,43,0,0
0,127021512,2017,Cabramatta West - Mount Pritchard,43,0,0
0,107031142,2017,Shellharbour - Oak Flats,43,0,0
0,204011056,2017,Kilmore - Broadford,42,0,0
0,319041520,2017,Torquay - Scarness - Kawungan,42,0,0
0,312011338,2017,Broadsound - Nebo,42,0,0
0,212031308,2017,Pearcedale - Tooradin,42,0,0
0,210041240,2017,Sunbury,42,0,0
0,601051029,2017,Mount Nelson - Dynnyrne,42,0,0
0,203011036,2017,Winchelsea,42,0,0
0,216011406,2017,Echuca,42,0,0
0,314021389,2017,Murrumba Downs - Griffin,42,0,0
0,316061439,2017,Beerwah,42,0,0
0,127031522,2017,Casula,42,0,0
0,402021029,2017,Davoren Park,42,4,0.095238095
0,504031065,2017,Middle Swan - Herne Hill,42,0,0
0,801091100,2017,Curtin,42,0,0
0,203021041,2017,Grovedale,42,0,0
0,305031119,2017,Albion,42,4,0.095238095
0,110021191,2017,Inverell,42,0,0
0,316011415,2017,Mountain Creek,41,0,0
0,506031125,2017,Canning Vale - West,41,0,0
0,212021295,2017,Doveton,41,0,0
0,506061143,2017,Mundijong,41,0,0
0,301031015,2017,Manly - Lota,41,0,0
0,507011155,2017,Henderson,41,0,0
0,108011152,2017,Forster,41,0,0
0,306021146,2017,Earlville - Bayview Heights,41,0,0
0,102021054,2017,Toukley - Norah Head,41,0,0
0,111031223,2017,Beresfield - Hexham,41,1,0.024390244
0,304011082,2017,Middle Park - Jamboree Heights,41,0,0
0,507031174,2017,Parmelia - Orelia,41,0,0
0,504031061,2017,Hazelmere - South Guildford,41,0,0
0,319011495,2017,Bundaberg,41,0,0
0,507011153,2017,Coolbellup,41,0,0
0,306021156,2017,Whitfield - Edge Hill,41,0,0
0,313041372,2017,Burpengary,41,0,0
0,310031284,2017,Bundamba,41,6,0.146341463
0,113011258,2017,Leeton,41,0,0
0,205021081,2017,Bairnsdale,41,0,0
0,209041217,2017,Bundoora - West,41,9,0.219512195
0,506051139,2017,High Wycombe,40,0,0
0,109011172,2017,Albury - East,40,0,0
0,316021417,2017,Aroona - Currimundi,40,0,0
0,801071078,2017,Gordon (ACT),40,0,0
0,317011450,2017,Highfields,40,0,0
0,304041098,2017,Enoggera,40,0,0
0,316061443,2017,Maroochy Hinterland,40,0,0
0,601051032,2017,South Hobart - Fern Tree,40,0,0
0,313051379,2017,Redcliffe,40,0,0
0,203031049,2017,Lorne - Anglesea,40,0,0
0,502011022,2017,Falcon - Wannanup,40,0,0
0,505031104,2017,Marangaroo,40,0,0
0,305021116,2017,Hawthorne,40,0,0
0,308021199,2017,Gladstone,40,0,0
0,124031463,2017,Mulgoa - Luddenham - Orchard Hills,40,0,0
0,202011021,2017,Flora Hill - Spring Gully,40,0,0
0,308031217,2017,Rockhampton City,40,0,0
0,302041046,2017,Zillmere,40,0,0
0,401021006,2017,Lobethal - Woodside,40,3,0.075
0,101021012,2017,Queanbeyan West - Jerrabomberra,40,0,0
0,204021066,2017,Wangaratta,40,3,0.075
0,113031270,2017,Wagga Wagga - West,40,0,0
0,112031253,2017,Pottsville,40,0,0
0,213031349,2017,Maribyrnong,40,0,0
0,316011416,2017,Sippy Downs,39,0,0
0,303051075,2017,Parkinson - Drewvale,39,0,0
0,303031061,2017,Macgregor (Qld),39,0,0
0,801071073,2017,Calwell,39,0,0
0,203021043,2017,Lara,39,0,0
0,205041095,2017,Moe - Newborough,39,0,0
0,505031100,2017,Carramar,39,0,0
0,209041221,2017,Mill Park - South,39,2,0.051282051
0,101041018,2017,Batemans Bay - South,39,0,0
0,212011288,2017,Bunyip - Garfield,39,0,0
0,311031319,2017,Regents Park - Heritage Park,39,0,0
0,403021064,2017,Warradale,39,0,0
0,213011328,2017,Ardeer - Albion,39,0,0
0,305031124,2017,Hamilton (Qld),39,4,0.102564103
0,316021419,2017,Caloundra - Kings Beach,39,0,0
0,119011360,2017,Revesby,39,0,0
0,601051030,2017,New Town,39,0,0
0,101041017,2017,Batemans Bay,39,0,0
0,205041096,2017,Morwell,39,0,0
0,301021010,2017,Redland Islands,39,0,0
0,401021007,2017,Mount Barker,39,0,0
0,103021063,2017,Cowra,39,0,0
0,102011043,2017,Wyoming,39,0,0
0,407031165,2017,Murray Bridge,39,0,0
0,215011388,2017,Horsham,39,0,0
0,310011275,2017,Oxley (Qld),39,0,0
0,209031213,2017,Plenty - Yarrambat,38,0,0
0,206011109,2017,Pascoe Vale South,38,0,0
0,317011445,2017,Cambooya - Wyreema,38,0,0
0,507041176,2017,Bateman,38,0,0
0,308011192,2017,Emerald,38,0,0
0,316021421,2017,Golden Beach - Pelican Waters,38,0,0
0,601031016,2017,Derwent Park - Lutana,38,0,0
0,103031070,2017,Lithgow,38,0,0
0,124041468,2017,Yarramundi - Londonderry,38,0,0
0,403041074,2017,Christies Beach,38,1,0.026315789
0,306031161,2017,Tully,38,0,0
0,108021156,2017,Kempsey Region,38,0,0
0,309071254,2017,Jacobs Well - Alberton,38,0,0
0,801051058,2017,O'Connor (ACT),38,0,0
0,602031063,2017,Scottsdale - Bridport,38,0,0
0,508031200,2017,Kalgoorlie - North,38,0,0
0,317011455,2017,Rangeville,38,0,0
0,317011448,2017,Gatton,38,0,0
0,401021003,2017,Adelaide Hills,38,0,0
0,127021513,2017,Canley Vale - Canley Heights,38,0,0
0,801051059,2017,Reid,38,1,0.026315789
0,212011291,2017,Pakenham - North,38,0,0
0,314021390,2017,North Lakes - Mango Hill,37,0,0
0,303051072,2017,Algester,37,0,0
0,102021050,2017,Lake Munmorah - Mannering Park,37,0,0
0,507011152,2017,Coogee,37,0,0
0,801061064,2017,Griffith (ACT),37,0,0
0,101031016,2017,Jindabyne - Berridale,37,0,0
0,202011019,2017,California Gully - Eaglehawk,37,0,0
0,311051328,2017,Waterford West,37,0,0
0,801011003,2017,Bruce,37,2,0.054054054
0,309081260,2017,Merrimac,37,0,0
0,116021309,2017,Glenwood,37,0,0
0,308031222,2017,The Range - Allenstown,37,0,0
0,113031271,2017,Wagga Wagga Region,37,0,0
0,108011151,2017,Bulahdelah - Stroud,37,0,0
0,302011024,2017,Carseldine,37,0,0
0,105031100,2017,Dubbo - East,37,0,0
0,306051166,2017,Atherton,37,0,0
0,115011294,2017,Glenhaven,37,0,0
0,601021008,2017,Lindisfarne - Rose Bay,37,0,0
0,407011148,2017,Victor Harbor,37,0,0
0,217011422,2017,Portland,37,0,0
0,209041225,2017,Whittlesea,37,9,0.243243243
0,109031181,2017,Corowa Region,37,0,0
0,114021287,2017,Moss Vale - Berrima,37,1,0.027027027
0,801091102,2017,Garran,37,0,0
0,209031212,2017,Panton Hill - St Andrews,37,0,0
0,505011083,2017,Woodvale,36,0,0
0,505011071,2017,Currambine - Kinross,36,0,0
0,202021026,2017,Bendigo Region - South,36,0,0
0,504021051,2017,Helena Valley - Koongamia,36,0,0
0,508011194,2017,Esperance,36,0,0
0,212031303,2017,Cranbourne South,36,0,0
0,111021215,2017,Bolton Point - Teralba,36,0,0
0,205041094,2017,Churchill,36,0,0
0,406011133,2017,Port Lincoln,36,0,0
0,310041298,2017,Carole Park,36,0,0
0,314031393,2017,Petrie,36,0,0
0,801011016,2017,Kaleen,36,0,0
0,217021432,2017,Warrnambool - North,36,0,0
0,319041521,2017,Urangan - Wondunna,36,0,0
0,318021469,2017,Belgian Gardens - Pallarenda,36,0,0
0,508031198,2017,Boulder,36,0,0
0,504031062,2017,Lockridge - Kiara,36,0,0
0,312021350,2017,Ooralea - Bakers Creek,36,0,0
0,509021243,2017,Northam,36,0,0
0,112021246,2017,Goonellabah,36,0,0
0,102011033,2017,Kariong,36,0,0
0,318021468,2017,Annandale,36,0,0
0,109011173,2017,Albury - North,36,0,0
0,201021011,2017,Daylesford,35,0,0
0,103021062,2017,Condobolin,35,0,0
0,101011003,2017,Yass,35,0,0
0,124031460,2017,Glenmore Park - Regentville,35,0,0
0,312021352,2017,Sarina,35,0,0
0,306011139,2017,Clifton Beach - Kewarra Beach,35,0,0
0,502011026,2017,Mandurah - East,35,0,0
0,312011341,2017,Moranbah,35,0,0
0,103041078,2017,Orange - North,35,0,0
0,311031312,2017,Browns Plains,35,0,0
0,801011001,2017,Aranda,35,0,0
0,406011136,2017,Whyalla,35,0,0
0,301021008,2017,Ormiston,35,0,0
0,505031109,2017,Yanchep,35,0,0
0,102011041,2017,Wamberal - Forresters Beach,35,0,0
0,302031035,2017,Boondall,35,0,0
0,601021004,2017,Bellerive - Rosny,35,0,0
0,311011305,2017,Beaudesert,35,0,0
0,310021282,2017,Rosewood,35,0,0
0,303021057,2017,Holland Park West,34,0,0
0,302041044,2017,Sandgate - Shorncliffe,34,0,0
0,306011141,2017,Redlynch,34,0,0
0,505031107,2017,Tapping - Ashby - Sinagra,34,0,0
0,203021037,2017,Belmont,34,0,0
0,212011287,2017,Beaconsfield - Officer,34,0,0
0,102011035,2017,Narara,34,0,0
0,208031187,2017,Chelsea Heights,34,0,0
0,102011034,2017,Kincumber - Picketts Valley,34,0,0
0,308021196,2017,Boyne Island - Tannum Sands,34,0,0
0,801071084,2017,Monash,34,0,0
0,104021083,2017,Bellingen,34,0,0
0,601031019,2017,Moonah,34,0,0
0,114021289,2017,Southern Highlands,34,0,0
0,501021009,2017,Collie,34,0,0
0,509021239,2017,Gingin - Dandaragan,34,0,0
0,103031071,2017,Lithgow Region,34,0,0
0,110021190,2017,Glen Innes,34,0,0
0,317011446,2017,Darling Heights,34,0,0
0,318021491,2017,Wulguru - Roseneath,34,0,0
0,103021065,2017,Forbes,34,0,0
0,306051169,2017,Malanda - Yungaburra,34,0,0
0,502011029,2017,Pinjarra,34,0,0
0,106021118,2017,Thornton - Millers Forest,34,0,0
0,601051033,2017,West Hobart,34,0,0
0,308011191,2017,Central Highlands - West,34,0,0
0,210011230,2017,Niddrie - Essendon West,34,0,0
0,116021310,2017,Parklea - Kellyville Ridge,33,0,0
0,318021473,2017,Deeragun,33,0,0
0,801051055,2017,Downer,33,0,0
0,306031160,2017,Johnstone,33,0,0
0,114011279,2017,St Georges Basin - Erowal Bay,33,0,0
0,507031173,2017,Kwinana Industrial,33,2,0.060606061
0,302021033,2017,Stafford Heights,33,0,0
0,213041355,2017,Hillside,33,0,0
0,312021349,2017,North Mackay,33,0,0
0,311031316,2017,Hillcrest,33,0,0
0,312011337,2017,Bowen,33,0,0
0,105021097,2017,Broken Hill,33,0,0
0,311031314,2017,Crestmead,33,0,0
0,601041026,2017,Taroona - Bonnet Hill,33,0,0
0,314031392,2017,Lawnton,33,0,0
0,801011009,2017,Flynn (ACT),33,0,0
0,215031401,2017,Gannawarra,33,0,0
0,701011009,2017,Woolner - Bayview - Winnellie,33,0,0
0,110031195,2017,Moree,33,0,0
0,302011026,2017,McDowall,33,0,0
0,509011234,2017,Plantagenet,33,0,0
0,112021244,2017,Casino,33,0,0
0,216021413,2017,Numurkah,33,0,0
0,103041076,2017,Blayney,33,0,0
0,302011022,2017,Bald Hills,33,0,0
0,127011504,2017,Ashcroft - Busby - Miller,33,0,0
0,109031182,2017,Deniliquin,32,0,0
0,210031237,2017,Fawkner,32,0,0
0,304041101,2017,Mitchelton,32,0,0
0,306051170,2017,Mareeba,32,2,0.0625
0,501031018,2017,Donnybrook - Balingup,32,0,0
0,306021147,2017,Edmonton,32,0,0
0,801071088,2017,Theodore,32,0,0
0,502011023,2017,Greenfields,32,0,0
0,301031019,2017,Wakerley,32,0,0
0,601021007,2017,Howrah - Tranmere,32,0,0
0,101021008,2017,Karabar,32,0,0
0,201011008,2017,Wendouree - Miners Rest,32,0,0
0,508051216,2017,Morawa,32,0,0
0,305031127,2017,Newmarket,32,0,0
0,403041079,2017,Hackham West - Huntfield Heights,32,0,0
0,127021517,2017,Greenfield Park - Prairiewood,32,0,0
0,310021277,2017,Boonah,32,0,0
0,210021233,2017,Macedon,32,0,0
0,116031317,2017,Mount Druitt - Whalan,32,0,0
0,801051060,2017,Turner,32,10,0.3125
0,302021028,2017,Chermside,31,0,0
0,106031119,2017,Anna Bay,31,0,0
0,504031059,2017,Ellenbrook,31,0,0
0,601021012,2017,South Arm,31,0,0
0,124011449,2017,Blackheath - Megalong Valley,31,0,0
0,114011274,2017,Culburra Beach,31,0,0
0,104021091,2017,Woolgoolga - Arrawarra,31,0,0
0,601031017,2017,Glenorchy,31,0,0
0,103021067,2017,Parkes (NSW),31,0,0
0,124051469,2017,Erskine Park,31,0,0
0,306011143,2017,Yorkeys Knob - Machans Beach,31,0,0
0,212031302,2017,Cranbourne North,31,0,0
0,114011282,2017,Ulladulla,31,0,0
0,302041042,2017,Brighton (Qld),31,0,0
0,801061069,2017,Red Hill (ACT),31,0,0
0,317011453,2017,Newtown (Qld),31,0,0
0,319051522,2017,Burrum - Fraser,31,0,0
0,107031137,2017,Albion Park Rail,31,0,0
0,506041135,2017,Huntingdale - Southern River,31,0,0
0,501021007,2017,Capel,31,0,0
0,305031125,2017,Hendra,31,0,0
0,402021028,2017,Craigmore - Blakeview,31,0,0
0,312021357,2017,Walkerston - Eton,31,0,0
0,405021119,2017,Wakefield - Barunga West,31,0,0
0,105031106,2017,Wellington,31,0,0
0,801071077,2017,Gilmore,31,0,0
0,318011464,2017,Ingham,31,0,0
0,107031138,2017,Kiama,31,0,0
0,211011255,2017,Lysterfield,31,0,0
0,403041083,2017,McLaren Vale,31,0,0
0,403041085,2017,Morphett Vale - West,31,0,0
0,318021486,2017,Northern Beaches,31,0,0
0,113011257,2017,Griffith Region,31,0,0
0,305031129,2017,Wilston,31,0,0
0,119011355,2017,Chullora,31,0,0
0,509011233,2017,McKail - Willyung,31,0,0
0,102021046,2017,Budgewoi - Buff Point - Halekulani,30,0,0
0,506041133,2017,Canning Vale - East,30,0,0
0,310041300,2017,Goodna,30,0,0
0,308031214,2017,Park Avenue,30,12,0.4
0,507011156,2017,Jandakot,30,0,0
0,317011454,2017,North Toowoomba - Harlaxton,30,1,0.033333333
0,205051103,2017,Sale,30,0,0
0,316021424,2017,Wurtulla - Birtinya,30,0,0
0,111021221,2017,West Wallsend - Barnsley - Killingworth,30,0,0
0,308021198,2017,Clinton - New Auckland,30,0,0
0,313041374,2017,Morayfield,30,0,0
0,310041302,2017,Redbank Plains,30,0,0
0,103011060,2017,Bathurst Region,30,0,0
0,202021027,2017,Castlemaine,30,0,0
0,311031313,2017,Chambers Flat - Logan Reserve,30,0,0
0,308021194,2017,Banana,30,0,0
0,801011005,2017,Cook,30,0,0
0,402041044,2017,Paralowie,30,0,0
0,309041241,2017,Guanaba - Springbrook,30,0,0
0,311061331,2017,Logan Central,30,0,0
0,801051061,2017,Watson,30,0,0
0,102021057,2017,Wyong,30,0,0
0,124031457,2017,Cambridge Park,30,0,0
0,304031093,2017,Corinda,30,0,0
0,506011112,2017,Camillo - Champion Lakes,30,0,0
0,318021476,2017,Gulliver - Currajong - Vincent,30,0,0
0,312021358,2017,West Mackay,30,0,0
0,305011107,2017,Highgate Hill,30,0,0
0,507051186,2017,Cooloongup,29,0,0
0,307021180,2017,Jondaryan,29,0,0
0,319011497,2017,Bundaberg North - Gooburrum,29,0,0
0,215011392,2017,Stawell,29,1,0.034482759
0,319011501,2017,Svensson Heights - Norville,29,0,0
0,204031073,2017,West Wodonga,29,0,0
0,407031170,2017,Waikerie,29,0,0
0,204011054,2017,Alexandra,29,0,0
0,502011027,2017,Mandurah - North,29,0,0
0,205021084,2017,Lakes Entrance,29,0,0
0,601061035,2017,Sorell - Richmond,29,0,0
0,128021533,2017,Heathcote - Waterfall,29,0,0
0,403031065,2017,Belair,29,0,0
0,509021242,2017,Mukinbudin,29,1,0.034482759
0,310031285,2017,Churchill - Yamanto,29,0,0
0,217011423,2017,Southern Grampians,29,0,0
0,213011335,2017,St Albans - South,29,0,0
0,217021425,2017,Colac,29,0,0
0,114021285,2017,Hill Top - Colo Vale,29,0,0
0,701011002,2017,Darwin City,29,0,0
0,601051028,2017,Lenah Valley - Mount Stuart,28,0,0
0,108011153,2017,Forster-Tuncurry Region,28,0,0
0,106031124,2017,Tea Gardens - Hawks Nest,28,0,0
0,312031359,2017,Airlie - Whitsundays,28,0,0
0,303061077,2017,Kuraby,28,0,0
0,313021369,2017,Wamuran,28,0,0
0,801011011,2017,Giralang,28,0,0
0,110041200,2017,Gunnedah Region,28,0,0
0,116031315,2017,Hassall Grove - Plumpton,28,0,0
0,311021310,2017,Wolffdene - Bahrs Scrub,28,0,0
0,801061063,2017,Forrest,28,1,0.035714286
0,318021483,2017,Magnetic Island,28,0,0
0,312021354,2017,Shoal Point - Bucasia,28,0,0
0,113031268,2017,Wagga Wagga - North,28,1,0.035714286
0,702011045,2017,Charles,28,0,0
0,311031318,2017,Munruben - Park Ridge South,28,0,0
0,205011078,2017,Trafalgar (Vic.),28,0,0
0,107031141,2017,Shellharbour - Flinders,28,0,0
0,312021353,2017,Seaforth - Calen,28,0,0
0,801081091,2017,Chapman,28,0,0
0,106011107,2017,Branxton - Greta - Pokolbin,28,0,0
0,509021237,2017,Cunderdin,28,0,0
0,601061034,2017,Dodges Ferry - Lewisham,28,0,0
0,312021344,2017,Eimeo - Rural View,28,0,0
0,205051104,2017,Yarram,28,0,0
0,502011028,2017,Mandurah - South,28,0,0
0,603021070,2017,Cygnet,28,0,0
0,109031185,2017,Tocumwal - Finley - Jerilderie,28,0,0
0,213011339,2017,Sydenham,28,0,0
0,111021217,2017,Edgeworth - Cameron Park,27,0,0
0,505031099,2017,Butler - Merriwa - Ridgewood,27,0,0
0,314031391,2017,Bray Park,27,0,0
0,101041024,2017,Eurobodalla Hinterland,27,0,0
0,509011228,2017,Denmark,27,0,0
0,403041084,2017,Morphett Vale - East,27,0,0
0,110041201,2017,Quirindi,27,0,0
0,204021067,2017,Wangaratta Region,27,0,0
0,108051168,2017,Old Bar - Manning Point - Red Head,27,0,0
0,106041126,2017,Muswellbrook,27,2,0.074074074
0,402011025,2017,Gawler - North,27,0,0
0,318021482,2017,Kirwan - West,27,0,0
0,319041518,2017,Pialba - Eli Waters,27,0,0
0,203011035,2017,Golden Plains - South,27,0,0
0,107031139,2017,Kiama Downs - Minnamurra,27,0,0
0,102011036,2017,Niagara Park - Lisarow,27,0,0
0,208031183,2017,Aspendale Gardens - Waterways,27,0,0
0,204021063,2017,Benalla,27,0,0
0,310041296,2017,Bellbird Park - Brookwater,27,0,0
0,102021055,2017,Tuggerah - Kangy Angy,27,0,0
0,319021505,2017,Kingaroy,27,0,0
0,502011021,2017,Dawesville - Bouvard,27,0,0
0,509021240,2017,Merredin,27,1,0.037037037
0,217011421,2017,Hamilton (Vic.),27,0,0
0,217011420,2017,Glenelg (Vic.),27,0,0
0,205031090,2017,Leongatha,27,0,0
0,318021488,2017,South Townsville - Railway Estate,27,0,0
0,301031016,2017,Manly West,27,0,0
0,317011452,2017,Middle Ridge,27,0,0
0,506011113,2017,Forrestdale - Harrisdale - Piara Waters,26,0,0
0,213041354,2017,Caroline Springs,26,0,0
0,110031197,2017,Narrabri,26,2,0.076923077
0,110021193,2017,Inverell Region - West,26,0,0
0,403041078,2017,Hackham - Onkaparinga Hills,26,0,0
0,105011096,2017,Walgett - Lightning Ridge,26,0,0
0,102011038,2017,Saratoga - Davistown,26,0,0
0,202011024,2017,Strathfieldsaye,26,0,0
0,603021072,2017,Huonville - Franklin,26,0,0
0,310021278,2017,Esk,26,0,0
0,801091104,2017,Isaacs,26,0,0
0,201011001,2017,Alfredton,26,0,0
0,801091105,2017,Lyons (ACT),26,0,0
0,509031246,2017,Brookton,26,0,0
0,602021053,2017,Beauty Point - Beaconsfield,26,0,0
0,303021054,2017,Fairfield - Dutton Park,26,2,0.076923077
0,402021034,2017,Smithfield - Elizabeth North,26,3,0.115384615
0,501031017,2017,Bridgetown - Boyup Brook,26,0,0
0,312021342,2017,Andergrove - Beaconsfield,26,0,0
0,801071079,2017,Gowrie (ACT),26,0,0
0,110031198,2017,Narrabri Region,26,0,0
0,127021514,2017,Edensor Park,26,2,0.076923077
0,508041205,2017,Broome,26,0,0
0,407011144,2017,Goolwa - Port Elliot,26,0,0
0,106011113,2017,Singleton Region,26,0,0
0,801011023,2017,Page,26,0,0
0,405011110,2017,Barossa - Angaston,26,0,0
0,215011394,2017,Yarriambiack,26,0,0
0,318021481,2017,Kirwan - East,26,0,0
0,205021085,2017,Orbost,26,0,0
0,105031099,2017,Coonabarabran,26,0,0
0,127021509,2017,Bonnyrigg Heights - Bonnyrigg,25,0,0
0,102021056,2017,Warnervale - Wadalba,25,0,0
0,111031226,2017,Maryland - Fletcher - Minmi,25,0,0
0,303051074,2017,Pallara - Willawong,25,0,0
0,108041165,2017,Port Macquarie Region,25,0,0
0,106031120,2017,Lemon Tree Passage - Tanilba Bay,25,0,0
0,313021366,2017,Caboolture - South,25,0,0
0,110021194,2017,Tenterfield,25,0,0
0,801091106,2017,Mawson,25,0,0
0,801081098,2017,Weston,25,1,0.04
0,501021015,2017,Koombana,25,0,0
0,205031087,2017,Foster,25,0,0
0,204011059,2017,Seymour,25,0,0
0,402051049,2017,Golden Grove,25,0,0
0,119031373,2017,Riverwood,25,0,0
0,801011008,2017,Florey,25,0,0
0,318011461,2017,Burdekin,25,0,0
0,214011376,2017,Skye - Sandhurst,25,0,0
0,318021478,2017,Hermit Park - Rosslea,25,0,0
0,405021116,2017,Clare,25,0,0
0,204011055,2017,Euroa,25,0,0
0,204031069,2017,Bright - Mount Beauty,25,0,0
0,505031102,2017,Girrawheen,25,0,0
0,801081094,2017,Holder,25,0,0
0,405011111,2017,Light,25,0,0
0,315011400,2017,Tablelands,25,0,0
0,308031215,2017,Parkhurst - Kawana,25,0,0
0,319031511,2017,Cooloola,25,0,0
0,312021356,2017,South Mackay,25,0,0
0,801091109,2017,Phillip,25,0,0
0,508061220,2017,Karratha,25,0,0
0,301011005,2017,Thorneside,24,0,0
0,306041164,2017,Daintree,24,0,0
0,101041019,2017,Bega - Tathra,24,0,0
0,318021472,2017,Cranbrook,24,0,0
0,113031266,2017,Temora,24,0,0
0,101041020,2017,Bega-Eden Hinterland,24,0,0
0,303011048,2017,Cannon Hill,24,0,0
0,201021012,2017,Gordon (Vic.),24,0,0
0,102011037,2017,Point Clare - Koolewong,24,0,0
0,307011176,2017,Roma,24,0,0
0,114011281,2017,Tomerong - Wandandian - Woollamia,24,0,0
0,209031210,2017,Hurstbridge,24,0,0
0,307031184,2017,Clifton - Greenmount,24,0,0
0,801011007,2017,Evatt,24,0,0
0,801051057,2017,Lyneham,24,0,0
0,603031074,2017,Triabunna - Bicheno,24,0,0
0,801091103,2017,Hughes,24,0,0
0,306021149,2017,Kanimbla - Mooroobool,24,0,0
0,401061020,2017,Nailsworth - Broadview,24,0,0
0,123031448,2017,The Oaks - Oakdale,24,0,0
0,101011005,2017,Young,24,1,0.041666667
0,801091110,2017,Torrens,24,0,0
0,204011057,2017,Mansfield (Vic.),24,0,0
0,307011173,2017,Goondiwindi,24,0,0
0,103031074,2017,Mudgee Region - West,24,0,0
0,604011084,2017,Wynyard,24,0,0
0,319011502,2017,Walkervale - Avenell Heights,23,0,0
0,801041048,2017,Palmerston,23,0,0
0,302041045,2017,Taigum - Fitzgibbon,23,0,0
0,312031361,2017,Proserpine,23,0,0
0,405041127,2017,Yorke Peninsula - North,23,0,0
0,602011047,2017,South Launceston,23,0,0
0,401021008,2017,Mount Barker Region,23,0,0
0,308021204,2017,West Gladstone,23,0,0
0,304011083,2017,Riverhills,23,1,0.043478261
0,319011499,2017,Bundaberg Region - South,23,0,0
0,504031067,2017,Stratton - Jane Brook,23,0,0
0,112021245,2017,Casino Region,23,0,0
0,501021013,2017,Gelorup - Dalyellup - Stratham,23,0,0
0,307021182,2017,Pittsworth,23,0,0
0,318011460,2017,Ayr,23,0,0
0,701021013,2017,Brinkin - Nakara,23,0,0
0,801081097,2017,Waramanga,23,0,0
0,311051323,2017,Bethania - Waterford,23,0,0
0,106021114,2017,Maitland,23,0,0
0,308031205,2017,Berserker,23,0,0
0,313031371,2017,Woodford - D'Aguilar,23,0,0
0,319011500,2017,Millbank - Avoca,23,0,0
0,109031180,2017,Corowa,23,0,0
0,304031095,2017,Sherwood,23,0,0
0,509031250,2017,Wagin,23,0,0
0,505031101,2017,Clarkson,23,0,0
0,318021489,2017,Townsville - South,23,0,0
0,319051526,2017,Tinana,23,0,0
0,405011112,2017,Lyndoch,23,0,0
0,801011019,2017,Macgregor (ACT),22,0,0
0,602011042,2017,Newstead,22,0,0
0,110041199,2017,Gunnedah,22,0,0
0,313021364,2017,Burpengary - East,22,0,0
0,213051369,2017,Wyndham Vale,22,0,0
0,801041046,2017,Ngunnawal,22,0,0
0,319021509,2017,Nanango,22,0,0
0,603021069,2017,Bruny Island - Kettering,22,0,0
0,106011110,2017,Dungog,22,0,0
0,304011085,2017,Westlake,22,0,0
0,506011117,2017,Seville Grove,22,0,0
0,107031136,2017,Albion Park - Macquarie Pass,22,0,0
0,205031089,2017,Korumburra,22,0,0
0,404031109,2017,West Beach,22,7,0.318181818
0,114021288,2017,Robertson - Fitzroy Falls,22,0,0
0,509011229,2017,Gnowangerup,22,0,0
0,508051211,2017,Geraldton - East,22,0,0
0,215031400,2017,Buloke,22,0,0
0,401021005,2017,Hahndorf - Echunga,22,3,0.136363636
0,310031292,2017,North Ipswich - Tivoli,22,0,0
0,316061441,2017,Glass House Mountains,22,0,0
0,108021159,2017,Nambucca Heads Region,22,0,0
0,108021158,2017,Nambucca Heads,22,0,0
0,313031370,2017,Kilcoy,22,0,0
0,402041043,2017,Parafield Gardens,22,0,0
0,110031196,2017,Moree Region,22,0,0
0,202031033,2017,Loddon,22,0,0
0,309071257,2017,Pimpama,22,0,0
0,205031091,2017,Phillip Island,22,0,0
0,509021238,2017,Dowerin,22,0,0
0,111011210,2017,Mount Hutton - Windale,22,0,0
0,508051212,2017,Geraldton - North,22,0,0
0,403041073,2017,Christie Downs,22,0,0
0,117011320,2017,Banksmeadow,22,0,0
0,103031073,2017,Mudgee Region - East,22,0,0
0,311031317,2017,Marsden,22,0,0
0,507051187,2017,Port Kennedy,21,0,0
0,308031219,2017,Rockhampton Region - North,21,2,0.095238095
0,507011163,2017,Yangebup,21,0,0
0,102021051,2017,Ourimbah - Fountaindale,21,0,0
0,601031018,2017,Montrose - Rosetta,21,0,0
0,319021506,2017,Kingaroy Region - North,21,0,0
0,318021471,2017,Condon - Rasmussen,21,0,0
0,701011008,2017,Stuart Park,21,0,0
0,306011140,2017,Freshwater - Stratford,21,0,0
0,504031058,2017,Bullsbrook,21,0,0
0,316041430,2017,Diddillibah - Rosemount,21,0,0
0,308021193,2017,Agnes Water - Miriam Vale,21,0,0
0,212041318,2017,Springvale South,21,0,0
0,112021247,2017,Kyogle,21,0,0
0,509011232,2017,Little Grove - Elleker,21,0,0
0,307021179,2017,Crows Nest - Rosalie,21,0,0
0,303011050,2017,Carina Heights,21,0,0
0,801051056,2017,Hackett,21,0,0
0,310041299,2017,Collingwood Park - Redbank,21,0,0
0,801091099,2017,Chifley,21,0,0
0,318021480,2017,Kelso,21,0,0
0,305031123,2017,Grange,21,0,0
0,307031187,2017,Stanthorpe,21,0,0
0,113031263,2017,Cootamundra,21,0,0
0,203031052,2017,Queenscliff,21,0,0
0,302021029,2017,Chermside West,21,0,0
0,101011006,2017,Young Region,21,0,0
0,601031014,2017,Berriedale - Chigwell,21,0,0
0,306021151,2017,Manoora,21,0,0
0,701021012,2017,Berrimah,20,1,0.05
0,505011076,2017,Iluka - Burns Beach,20,0,0
0,104021086,2017,Coramba - Nana Glen - Bucca,20,0,0
0,402051050,2017,Greenwith,20,0,0
0,304041104,2017,Upper Kedron - Ferny Grove,20,0,0
0,314011385,2017,Eatons Hill,20,0,0
0,509021241,2017,Moora,20,0,0
0,313021367,2017,Elimbah,20,0,0
0,127021520,2017,St Johns Park - Wakeley,20,0,0
0,801051051,2017,Braddon,20,0,0
0,306051168,2017,Kuranda,20,0,0
0,319041516,2017,Booral - River Heads,20,0,0
0,801071076,2017,Fadden,20,0,0
0,604011082,2017,Ulverstone,20,0,0
0,201011006,2017,Delacombe,20,0,0
0,114011280,2017,Sussex Inlet - Berrara,20,1,0.05
0,202031032,2017,Bendigo Region - North,20,0,0
0,203031051,2017,Portarlington,20,0,0
0,801081095,2017,Rivett,20,0,0
0,318021479,2017,Hyde Park - Pimlico,20,0,0
0,216021411,2017,Cobram,20,0,0
0,319051525,2017,Maryborough Region - South,20,0,0
0,801011015,2017,Holt,20,0,0
0,801071072,2017,Bonython,20,0,0
0,801091101,2017,Farrer,20,0,0
0,104021090,2017,Urunga,20,0,0
0,202011025,2017,White Hills - Ascot,20,0,0
0,403041076,2017,Coromandel Valley,20,0,0
0,404031105,2017,Fulham,20,0,0
0,312021355,2017,Slade Point,20,0,0
0,310031289,2017,Karalee - Barellan Point,20,0,0
0,318011462,2017,Charters Towers,20,0,0
0,111031232,2017,Stockton - Fullerton Cove,20,0,0
0,604021091,2017,Sheffield - Railton,20,0,0
0,801011021,2017,McKellar,20,0,0
0,109031183,2017,Deniliquin Region,20,0,0
0,116031313,2017,Bidwill - Hebersham - Emerton,19,0,0
0,212031301,2017,Cranbourne East,19,0,0
0,602011049,2017,Trevallyn,19,0,0
0,501021016,2017,Waroona,19,0,0
0,108011154,2017,Tuncurry,19,0,0
0,801041047,2017,Nicholls,19,0,0
0,210021234,2017,Riddells Creek,19,0,0
0,210051247,2017,Meadow Heights,19,0,0
0,216031415,2017,Mooroopna,19,0,0
0,308021200,2017,Gladstone Hinterland,19,0,0
0,506061144,2017,Serpentine - Jarrahdale,19,0,0
0,215021399,2017,Red Cliffs,19,0,0
0,201031017,2017,Maryborough Region,19,0,0
0,801011026,2017,Weetangera,19,0,0
0,509021244,2017,Toodyay,19,0,0
0,602031062,2017,Perth - Evandale,19,0,0
0,801011020,2017,Macquarie,19,0,0
0,307031188,2017,Stanthorpe Region,19,0,0
0,215011390,2017,Nhill Region,19,0,0
0,111011211,2017,Redhead,19,0,0
0,302031036,2017,Brisbane Airport,19,14,0.736842105
0,602011037,2017,Kings Meadows - Punchbowl,19,0,0
0,801071074,2017,Chisholm,19,0,0
0,104021087,2017,Dorrigo,19,0,0
0,112011241,2017,Evans Head,19,2,0.105263158
0,402021032,2017,Munno Para West - Angle Vale,19,0,0
0,216031419,2017,Shepparton Region - West,19,0,0
0,604011077,2017,Burnie - Wivenhoe,19,0,0
0,201021009,2017,Bacchus Marsh Region,19,0,0
0,106031123,2017,Seaham - Woodville,19,0,0
0,103021069,2017,West Wyalong,19,0,0
0,105031105,2017,Narromine,18,0,0
0,507041183,2017,Willagee,18,0,0
0,110041202,2017,Tamworth - East,18,0,0
0,402021035,2017,Virginia - Waterloo Corner,18,0,0
0,216031418,2017,Shepparton Region - East,18,0,0
0,319021504,2017,Gin Gin,18,0,0
0,601021006,2017,Geilston Bay - Risdon,18,0,0
0,209041216,2017,Bundoora - North,18,2,0.111111111
0,407021157,2017,Tatiara,18,0,0
0,206041127,2017,West Melbourne,18,0,0
0,105031104,2017,Gilgandra,18,0,0
0,405031122,2017,Port Pirie,18,0,0
0,103011061,2017,Oberon,18,0,0
0,604011083,2017,West Ulverstone,18,0,0
0,114011276,2017,Huskisson - Vincentia,18,0,0
0,307011171,2017,Balonne,18,0,0
0,106041128,2017,Scone,18,0,0
0,319041517,2017,Craignish - Dundowran Beach,18,0,0
0,407011149,2017,Yankalilla,18,0,0
0,801011010,2017,Fraser,18,0,0
0,217021427,2017,Corangamite - North,18,0,0
0,306011138,2017,Brinsmead,18,0,0
0,602031058,2017,Dilston - Lilydale,18,0,0
0,602011052,2017,Youngtown - Relbia,18,0,0
0,604021088,2017,Miandetta - Don,18,0,0
0,105011092,2017,Bourke - Brewarrina,18,0,0
0,110011188,2017,Armidale Region - South,17,0,0
0,308031213,2017,Norman Gardens,17,0,0
0,308031208,2017,Frenchville - Mount Archer,17,0,0
0,701011004,2017,Fannie Bay - The Gardens,17,0,0
0,509031248,2017,Murray,17,0,0
0,213041359,2017,Rockbank - Mount Cottrell,17,0,0
0,217021429,2017,Moyne - East,17,0,0
0,501021011,2017,Davenport,17,0,0
0,307011177,2017,Roma Region,17,0,0
0,602021057,2017,Westbury,17,0,0
0,801011017,2017,Latham,17,0,0
0,310031293,2017,Raceview,17,0,0
0,509011227,2017,Bayonet Head - Lower King,17,0,0
0,308031211,2017,Lakes Creek,17,0,0
0,501021008,2017,College Grove - Carey Park,17,0,0
0,501011001,2017,Augusta,17,0,0
0,801071081,2017,Isabella Plains,17,0,0
0,602021054,2017,Deloraine,17,0,0
0,318021484,2017,Mount Louisa,17,0,0
0,602021055,2017,Grindelwald - Lanena,17,0,0
0,801011013,2017,Hawker,17,0,0
0,508051214,2017,Irwin,17,0,0
0,602031059,2017,George Town,17,0,0
0,501021014,2017,Harvey,17,0,0
0,307031186,2017,Southern Downs - West,17,0,0
0,310031291,2017,Leichhardt - One Mile,17,0,0
0,306051167,2017,Herberton,17,0,0
0,113031265,2017,Junee,17,0,0
0,106041129,2017,Scone Region,17,0,0
0,318011465,2017,Ingham Region,17,0,0
0,403021063,2017,Sheidow Park - Trott Park,17,0,0
0,801091108,2017,Pearce,17,0,0
0,306041165,2017,Port Douglas,17,0,0
0,504031060,2017,Gidgegannup,17,0,0
0,204031072,2017,Towong,17,0,0
0,310031283,2017,Brassall,16,0,0
0,204011062,2017,Yea,16,0,0
0,319031513,2017,Gympie - South,16,0,0
0,124031465,2017,Warragamba - Silverdale,16,0,0
0,507011161,2017,Success - Hammond Park,16,0,0
0,405031120,2017,Jamestown,16,0,0
0,217021431,2017,Otway,16,0,0
0,308031207,2017,Emu Park,16,0,0
0,115031299,2017,Bilpin - Colo - St Albans,16,0,0
0,117011324,2017,Port Botany Industrial,16,2,0.125
0,407031169,2017,The Coorong,16,0,0
0,110021192,2017,Inverell Region - East,16,0,0
0,701021022,2017,Malak - Marrara,16,0,0
0,508051217,2017,Northampton - Mullewa - Greenough,16,0,0
0,308031210,2017,Gracemere,16,0,0
0,205021082,2017,Bruthen - Omeo,16,0,0
0,201011005,2017,Buninyong,16,0,0
0,407021150,2017,Grant,16,0,0
0,405011115,2017,Tanunda,16,0,0
0,310031288,2017,Ipswich - North,16,2,0.125
0,315031408,2017,Barcaldine - Blackall,16,0,0
0,113021261,2017,Tumut,16,0,0
0,215011386,2017,Ararat,16,0,0
0,215011391,2017,St Arnaud,16,0,0
0,406011131,2017,Kimba - Cleve - Franklin Harbour,16,0,0
0,111011207,2017,Belmont South - Blacksmiths,16,0,0
0,701011005,2017,Larrakeyah,16,0,0
0,116031316,2017,Lethbridge Park - Tregear,16,0,0
0,602011043,2017,Norwood (Tas.),16,0,0
0,509031247,2017,Kulin,16,0,0
0,102021052,2017,Summerland Point - Gwandalan,16,0,0
0,106041127,2017,Muswellbrook Region,15,0,0
0,405021118,2017,Goyder,15,0,0
0,601011001,2017,Bridgewater - Gagebrook,15,0,0
0,213051366,2017,Truganina,15,0,0
0,309051245,2017,Reedy Creek - Andrews,15,0,0
0,407031168,2017,Renmark Region,15,0,0
0,203011034,2017,Bannockburn,15,0,0
0,603021071,2017,Geeveston - Dover,15,0,0
0,402011027,2017,Lewiston - Two Wells,15,0,0
0,116031314,2017,Glendenning Dean Park,15,0,0
0,101031015,2017,Cooma Region,15,0,0
0,403041089,2017,Woodcroft,15,0,0
0,602011039,2017,Legana,15,0,0
0,501031020,2017,Pemberton,15,0,0
0,107011132,2017,Horsley - Kembla Grange,15,0,0
0,507031168,2017,Anketell - Wandi,15,0,0
0,603011067,2017,Southern Midlands,15,0,0
0,508021196,2017,Carnarvon,15,0,0
0,319041519,2017,Point Vernon,15,0,0
0,108021157,2017,Macksville - Scotts Head,15,0,0
0,405011114,2017,Nuriootpa,15,0,0
0,402021033,2017,One Tree Hill,15,1,0.066666667
0,702051067,2017,Katherine,15,0,0
0,306021148,2017,Gordonvale - Trinity,15,0,0
0,509021236,2017,Chittering,15,0,0
0,801031031,2017,Hume,15,0,0
0,507011162,2017,Wattleup,15,0,0
0,216011408,2017,Lockington - Gunbower,15,0,0
0,801011002,2017,Belconnen,15,0,0
0,308031216,2017,Rockhampton - West,15,0,0
0,311021308,2017,Edens Landing - Holmview,15,0,0
0,405021117,2017,Gilbert Valley,15,0,0
0,501021012,2017,Eaton - Pelican Point,14,0,0
0,403041075,2017,Clarendon,14,0,0
0,217021430,2017,Moyne - West,14,0,0
0,105011095,2017,Nyngan - Warren,14,0,0
0,213011329,2017,Cairnlea,14,0,0
0,801011022,2017,Melba,14,0,0
0,507011149,2017,Beeliar,14,0,0
0,403041088,2017,Willunga,14,0,0
0,304041100,2017,Keperra,14,0,0
0,603011066,2017,Derwent Valley,14,0,0
0,201021010,2017,Creswick - Clunes,14,0,0
0,307011172,2017,Chinchilla,14,0,0
0,604011079,2017,Penguin - Sulphur Creek,14,0,0
0,602011051,2017,West Launceston,14,0,0
0,110041204,2017,Tamworth - West,14,0,0
0,114011283,2017,Ulladulla Region,14,0,0
0,507031170,2017,Calista,14,0,0
0,109021178,2017,Wentworth - Buronga,14,0,0
0,801081092,2017,Duffy,14,0,0
0,217021424,2017,Camperdown,14,1,0.071428571
0,125031487,2017,Yennora Industrial,14,0,0
0,205011077,2017,Mount Baw Baw Region,14,0,0
0,601031021,2017,West Moonah,14,0,0
0,504021049,2017,Chidlow,14,0,0
0,801011014,2017,Higgins,14,0,0
0,310031295,2017,Riverview,14,0,0
0,508011195,2017,Esperance Region,14,0,0
0,801011024,2017,Scullin,13,0,0
0,308021201,2017,Kin Kora - Sun Valley,13,0,0
0,801011004,2017,Charnwood,13,0,0
0,310041304,2017,Springfield Lakes,13,0,0
0,109031184,2017,Moama,13,0,0
0,213021345,2017,Seabrook,13,0,0
0,213041360,2017,Taylors Hill,13,0,0
0,308031218,2017,Rockhampton Region - East,13,0,0
0,312021351,2017,Pioneer Valley,13,0,0
0,604011076,2017,Burnie - Ulverstone Region,13,0,0
0,602011046,2017,Riverside,13,0,0
0,213011331,2017,Delahey,13,0,0
0,604021090,2017,Quoiba - Spreyton,13,0,0
0,318021474,2017,Douglas,13,2,0.153846154
0,216021414,2017,Yarrawonga,13,0,0
0,601031015,2017,Claremont (Tas.),13,0,0
0,407031160,2017,Berri,13,0,0
0,602011041,2017,Newnham - Mayfield,13,0,0
0,508051213,2017,Geraldton - South,13,0,0
0,507031169,2017,Bertram - Wellard (West),13,0,0
0,508061221,2017,Newman,13,0,0
0,307011175,2017,Miles - Wandoan,13,0,0
0,801071075,2017,Conder,13,0,0
0,406011130,2017,Eyre Peninsula,13,0,0
0,319011498,2017,Bundaberg Region - North,13,0,0
0,701011007,2017,Parap,13,0,0
0,215031402,2017,Kerang,13,0,0
0,202011023,2017,Maiden Gully,13,0,0
0,317011449,2017,Gowrie (Qld),13,0,0
0,216011410,2017,Rushworth,13,0,0
0,801081096,2017,Stirling,12,0,0
0,205021086,2017,Paynesville,12,0,0
0,308021203,2017,Telina - Toolooa,12,0,0
0,701021030,2017,Wulagi,12,0,0
0,406021139,2017,Coober Pedy,12,0,0
0,604031097,2017,West Coast (Tas.),12,0,0
0,801051054,2017,Dickson,12,0,0
0,407011146,2017,Strathalbyn,12,0,0
0,201031016,2017,Maryborough (Vic.),12,0,0
0,105031102,2017,Dubbo - West,12,0,0
0,318021487,2017,Oonoonba,12,0,0
0,508021197,2017,Exmouth,12,0,0
0,801041034,2017,Amaroo,12,0,0
0,401021009,2017,Nairne,12,0,0
0,701041044,2017,Woodroffe,12,0,0
0,701021025,2017,Nightcliff,12,0,0
0,101041021,2017,Broulee - Tomakin,12,0,0
0,301031014,2017,Brisbane Port - Lytton,12,0,0
0,212011290,2017,Koo Wee Rup,12,0,0
0,110011187,2017,Armidale Region - North,12,0,0
0,110011189,2017,Walcha,12,0,0
0,405041124,2017,Kadina,12,0,0
0,603031073,2017,Forestier - Tasman,12,0,0
0,701021019,2017,Karama,12,0,0
0,213041358,2017,Melton West,12,0,0
0,319021508,2017,Monto - Eidsvold,12,0,0
0,508061222,2017,Port Hedland,12,0,0
0,306021155,2017,White Rock,12,0,0
0,302041043,2017,Deagon,12,0,0
0,103021066,2017,Grenfell,12,0,0
0,306031158,2017,Babinda,12,0,0
0,319011496,2017,Bundaberg East - Kalkie,12,0,0
0,604011078,2017,Parklands - Camdale,12,0,0
0,602031064,2017,St Helens - Scamander,12,0,0
0,103021064,2017,Cowra Region,12,0,0
0,801041045,2017,Mitchell,12,0,0
0,604021089,2017,Port Sorell,12,0,0
0,801041040,2017,Gungahlin,11,0,0
0,701041037,2017,Driver,11,0,0
0,407021151,2017,Kingston - Robe,11,0,0
0,602031060,2017,Longford,11,0,0
0,507011158,2017,North Coogee,11,1,0.090909091
0,602031061,2017,Northern Midlands,11,0,0
0,105011094,2017,Coonamble,11,0,0
0,202021029,2017,Heathcote,11,0,0
0,308031212,2017,Mount Morgan,11,0,0
0,509031249,2017,Narrogin,11,0,0
0,509021245,2017,York - Beverley,11,0,0
0,306021152,2017,Manunda,11,0,0
0,319051523,2017,Granville,11,0,0
0,508031203,2017,Leinster - Leonora,11,0,0
0,318021485,2017,Mundingburra,11,0,0
0,109021179,2017,Wentworth-Balranald Region,11,0,0
0,604021092,2017,Turners Beach - Forth,11,0,0
0,105011093,2017,Cobar,11,0,0
0,601031020,2017,New Norfolk,11,0,0
0,319021503,2017,Gayndah - Mundubbera,11,0,0
0,113031264,2017,Gundagai,11,0,0
0,315011396,2017,Cape York,11,0,0
0,313021368,2017,Morayfield - East,11,0,0
0,102021045,2017,Blue Haven - San Remo,11,0,0
0,108051167,2017,Gloucester,11,0,0
0,205041098,2017,Yallourn North - Glengarry,11,0,0
0,308011190,2017,Central Highlands - East,11,0,0
0,604021086,2017,East Devonport,11,0,0
0,313041376,2017,Upper Caboolture,11,0,0
0,509011231,2017,Kojonup,11,0,0
0,108051171,2017,Wingham,10,0,0
0,212031306,2017,Lynbrook - Lyndhurst,10,0,0
0,111031230,2017,Newcastle Port - Kooragang,10,0,0
0,213051365,2017,Tarneit,10,0,0
0,103011059,2017,Bathurst - East,10,0,0
0,701011006,2017,Ludmilla - The Narrows,10,0,0
0,509011230,2017,Katanning,10,0,0
0,101041023,2017,Eden,10,0,0
0,407031167,2017,Renmark,10,0,0
0,318021477,2017,Heatley,10,0,0
0,204031071,2017,Myrtleford,10,0,0
0,105031103,2017,Dubbo Region,10,0,0
0,801011006,2017,Dunlop,10,0,0
0,701021026,2017,Rapid Creek,10,0,0
0,508031202,2017,Kambalda - Coolgardie - Norseman,10,0,0
0,701041038,2017,Durack - Marlow Lagoon,10,0,0
0,108021160,2017,South West Rocks,10,0,0
0,508061224,2017,South Hedland,10,0,0
0,201031013,2017,Avoca,10,0,0
0,604031094,2017,North West,10,0,0
0,405031121,2017,Peterborough - Mount Remarkable,10,0,0
0,405041128,2017,Yorke Peninsula - South,10,0,0
0,215031403,2017,Robinvale,10,0,0
0,103021068,2017,Parkes Region,10,0,0
0,312021343,2017,East Mackay,10,0,0
0,319011494,2017,Branyan - Kensington,10,0,0
0,801011025,2017,Spence,10,0,0
0,308021195,2017,Biloela,10,0,0
0,407031159,2017,Barmera,10,0,0
0,308031220,2017,Rockhampton Region - West,10,0,0
0,307011174,2017,Inglewood - Waggamba,9,0,0
0,215021396,2017,Merbein,9,0,0
0,315031409,2017,Charleville,9,0,0
0,407011147,2017,Strathalbyn Region,9,0,0
0,215021398,2017,Mildura Region,9,0,0
0,407021156,2017,Penola,9,0,0
0,306021144,2017,Bentley Park,9,0,0
0,801071080,2017,Greenway,9,0,0
0,507051192,2017,Waikiki,9,0,0
0,701021020,2017,Leanyer,9,0,0
0,306021153,2017,Mount Sheridan,9,0,0
0,123031445,2017,Bargo,9,0,0
0,702011046,2017,East Side,9,0,0
0,201031014,2017,Beaufort,9,0,0
0,102021049,2017,Jilliby - Yarramalong,9,1,0.111111111
0,604031095,2017,Smithton,9,0,0
0,306021157,2017,Woree,9,0,0
0,310011272,2017,Durack,9,0,0
0,601011003,2017,Old Beach - Otago,9,0,0
0,602021056,2017,Hadspen - Carrick,9,0,0
0,406021142,2017,Port Augusta,9,0,0
0,801081093,2017,Fisher,9,0,0
0,701021024,2017,Moil,9,0,0
0,603011065,2017,Central Highlands,9,0,0
0,205051102,2017,Rosedale,9,0,0
0,801071086,2017,Oxley (ACT),9,0,0
0,114011273,2017,Callala Bay - Currarong,9,0,0
0,215031405,2017,Swan Hill Region,9,0,0
0,215011387,2017,Ararat Region,9,0,0
0,204021065,2017,Rutherglen,9,0,0
0,209031211,2017,Kinglake,9,0,0
0,701021011,2017,Anula,9,0,0
0,406021143,2017,Roxby Downs,8,0,0
0,204031075,2017,Yackandandah,8,0,0
0,506021121,2017,Perth Airport,8,1,0.125
0,702011049,2017,Mount Johns,8,0,0
0,312011340,2017,Collinsville,8,0,0
0,701021028,2017,Wagaman,8,0,0
0,801041044,2017,Harrison,8,0,0
0,509011226,2017,Albany Region,8,0,0
0,601021009,2017,Mornington - Warrane,8,0,0
0,101021007,2017,Braidwood,8,0,0
0,318011463,2017,Dalrymple,8,0,0
0,307011178,2017,Tara,8,0,0
0,204011060,2017,Seymour Region,8,0,0
0,407031164,2017,Mannum,8,0,0
0,217021426,2017,Colac Region,8,0,0
0,204031068,2017,Beechworth,8,0,0
0,701031034,2017,Virginia,8,0,0
0,315031412,2017,Longreach,8,0,0
0,407031162,2017,Loxton,8,0,0
0,405041126,2017,Wallaroo,7,0,0
0,508041206,2017,Derby - West Kimberley,7,4,0.571428571
0,701031035,2017,Weddell,7,0,0
0,601031013,2017,Austins Ferry - Granton,7,0,0
0,407011145,2017,Kangaroo Island,7,0,0
0,201031015,2017,Golden Plains - North,7,0,0
0,604021087,2017,Latrobe,7,0,0
0,503021037,2017,Kings Park (WA),7,1,0.142857143
0,113011259,2017,Narrandera,7,0,0
0,601011002,2017,Brighton - Pontville,7,0,0
0,406021141,2017,Outback,7,0,0
0,602011050,2017,Waverley - St Leonards,7,0,0
0,701041040,2017,Moulden,7,0,0
0,308021202,2017,South Trees,7,0,0
0,701041039,2017,Gray,7,0,0
0,801071071,2017,Banks,7,0,0
0,602011048,2017,Summerhill - Prospect,7,0,0
0,217021428,2017,Corangamite - South,7,0,0
0,405031123,2017,Port Pirie Region,7,0,0
0,701031032,2017,Humpty Doo,7,0,0
0,312011339,2017,Clermont,7,0,0
0,702011048,2017,Larapinta,7,0,0
0,215011389,2017,Horsham Region,7,0,0
0,702031060,2017,Tiwi Islands,6,0,0
0,210011227,2017,Essendon Airport,6,0,0
0,310041303,2017,Springfield,6,0,0
0,602011040,2017,Mowbray,6,0,0
0,312021347,2017,Mackay Harbour,6,0,0
0,208031192,2017,Moorabbin Airport,6,0,0
0,604031096,2017,Waratah,6,0,0
0,702011047,2017,Flynn (NT),6,0,0
0,508061218,2017,Ashburton (WA),6,0,0
0,407021158,2017,Wattle Range,6,0,0
0,701031031,2017,Howard Springs,6,0,0
0,501021010,2017,Dardanup,6,0,0
0,310031294,2017,Ripley,6,0,0
0,216021412,2017,Moira,6,0,0
0,319031515,2017,Kilkivan,6,0,0
0,216011409,2017,Rochester,6,0,0
0,601021011,2017,Rokeby,6,0,0
0,405041125,2017,Moonta,6,0,0
0,801071087,2017,Richardson,6,0,0
0,507031171,2017,Casuarina - Wellard (East),6,0,0
0,406021140,2017,Flinders Ranges,6,0,0
0,801041038,2017,Forde,5,0,0
0,404031104,2017,Adelaide Airport,5,5,1
0,406011132,2017,Le Hunte - Elliston,5,0,0
0,508041208,2017,Kununurra,5,0,0
0,604011075,2017,Acton - Upper Burnie,5,0,0
0,315031411,2017,Far South West,5,0,0
0,405011113,2017,Mallala,5,0,0
0,702041064,2017,Nhulunbuy,5,0,0
0,407031166,2017,Murray Bridge Region,5,0,0
0,215011393,2017,West Wimmera,5,0,0
0,402041042,2017,Parafield,5,0,0
0,602011036,2017,Invermay,5,0,0
0,604011080,2017,Romaine - Havenview,5,0,0
0,507011157,2017,Jandakot Airport,5,0,0
0,602011044,2017,Prospect Vale - Blackstone,5,0,0
0,701021027,2017,Tiwi,5,0,0
0,801061068,2017,Parkes (ACT),5,0,0
0,205051100,2017,Longford - Loch Sport,5,0,0
0,315021404,2017,Carpentaria,5,0,0
0,307031185,2017,Southern Downs - East,5,0,0
0,215021395,2017,Irymple,5,0,0
0,801021028,2017,Molonglo,5,0,0
0,204031070,2017,Chiltern - Indigo Valley,5,0,0
0,508041207,2017,Halls Creek,5,0,0
0,308031209,2017,Glenlee - Rockyview,5,0,0
0,501031019,2017,Manjimup,5,0,0
0,308031206,2017,Bouldercombe,5,0,0
0,113021260,2017,Tumbarumba,5,0,0
0,507031172,2017,Hope Valley - Postans,5,0,0
0,204011058,2017,Nagambie,5,0,0
0,701041041,2017,Palmerston - North,5,0,0
0,407021154,2017,Naracoorte,5,0,0
0,701021018,2017,Jingili,5,0,0
0,801071085,2017,Mount Taylor,5,0,0
0,308021197,2017,Callemondah,5,0,0
0,101031013,2017,Bombala,5,0,0
0,204021064,2017,Benalla Region,5,0,0
0,801041043,2017,Hall,4,0,0
0,315011397,2017,Croydon - Etheridge,4,0,0
0,701021010,2017,Alawa,4,0,0
0,407021155,2017,Naracoorte Region,4,0,0
0,601021010,2017,Risdon Vale,4,0,0
0,801021027,2017,ACT - South West,4,0,0
0,407031161,2017,Karoonda - Lameroo,4,0,0
0,212031304,2017,Cranbourne West,4,0,0
0,105021098,2017,Far West,4,0,0
0,201011007,2017,Smythes Creek,4,1,0.25
0,407021152,2017,Millicent,4,0,0
0,107011133,2017,Port Kembla Industrial,4,0,0
0,318021470,2017,Bohle Plains,4,0,0
0,508061223,2017,Roebourne,4,0,0
0,315021406,2017,Mount Isa Region,4,0,0
0,311031315,2017,Greenbank Military Camp,4,0,0
0,406011129,2017,Ceduna,4,0,0
0,307021181,2017,Millmerran,4,0,0
0,319011492,2017,Ashfield - Kepnock,4,0,0
0,701021029,2017,Wanguri,4,0,0
0,602011045,2017,Ravenswood,3,0,0
0,801041039,2017,Franklin,3,0,0
0,604011081,2017,Somerset,3,0,0
0,702031058,2017,Daly,3,0,0
0,701021023,2017,Millner,3,0,0
0,508061219,2017,East Pilbara,3,0,0
0,319021507,2017,Kingaroy Region - South,3,0,0
0,109021177,2017,Hay,3,0,0
0,128021537,2017,Royal National Park,3,0,0
0,801091107,2017,O'Malley,3,0,0
0,701021021,2017,Lyons (NT),3,0,0
0,702011051,2017,Ross,3,0,0
0,210051248,2017,Melbourne Airport,3,0,0
0,505021087,2017,Herdsman,3,0,0
0,701021016,2017,Coconut Grove,3,0,0
0,801011018,2017,Lawson,2,0,0
0,205031088,2017,French Island,2,0,0
0,801071083,2017,Macarthur,2,0,0
0,113021262,2017,Tumut Region,2,0,0
0,407031163,2017,Loxton Region,2,0,0
0,702011050,2017,Petermann - Simpson,2,0,0
0,118011342,2017,Centennial Park,2,2,1
0,801031033,2017,Majura,2,0,0
0,315011403,2017,Weipa,2,0,0
0,206041120,2017,Flemington Racecourse,2,2,1
0,124011451,2017,Blue Mountains - North,2,0,0
0,702031059,2017,Thamarrurr,2,0,0
0,406011134,2017,West Coast (SA),2,0,0
0,702021056,2017,Tennant Creek,2,0,0
0,508051215,2017,Meekatharra,2,0,0
0,702041063,2017,East Arnhem,2,0,0
0,604031093,2017,King Island,2,0,0
0,117011325,2017,Sydney Airport,2,0,0
0,801041036,2017,Casey,1,0,0
0,310041301,2017,New Chum,1,0,0
0,702031057,2017,Alligator,1,0,0
0,801041035,2017,Bonner,1,0,0
0,508031201,2017,Kalgoorlie Airport,1,0,0
0,701021017,2017,East Arm,1,0,0
0,315011399,2017,Northern Peninsula,1,0,0
0,701041036,2017,Bakewell,1,0,0
0,315031410,2017,Far Central West,1,0,0
0,404021103,2017,Torrens Island,1,0,0
0,801041037,2017,Crace,1,0,0
0,701021015,2017,Charles Darwin,1,0,0
0,701011001,2017,Darwin Airport,1,0,0
0,125011475,2017,Rookwood Cemetery,1,0,0
0,103031075,2017,Wollangambe - Wollemi,1,0,0